tag,kind,terminal,module,part,description,hw,load_A,in_cad
Q1,STEP,-KF20 ch1,M1_loop,M1_master_drive,stepper 17HS19-2004D-E1000+PG27,17HS19-2004D-E1000,0.0,True
B1,ENC,-KF18 ch1,M1_loop,B1_master_encoder,"master encoder, 1024 ppr RS422",encoder_wheel,0.1,True
Q2,DO,-KF6 ch7,M2_feeder,esc_cyl_weiss_A,valve coil (ISO6432-10x50),SY3000 coil,0.015,True
Q2.S1,DI,-KF1 ch8,M2_feeder,esc_cyl_weiss_A,reed switch retracted (ISO6432-10x50),reed,0.01,True
Q2.S2,DI,-KF1 ch9,M2_feeder,esc_cyl_weiss_A,reed switch extended (ISO6432-10x50),reed,0.01,True
I2,DI,-KF1 ch2,M2_feeder,mag_empty_weiss_A,"tube-low sensor, clipped to the tube -> AMR refill request",diffuse_M12,0.03,True
Q3,DO,-KF6 ch8,M2_feeder,esc_cyl_weiss_B,valve coil (ISO6432-10x50),SY3000 coil,0.015,True
Q3.S1,DI,-KF1 ch10,M2_feeder,esc_cyl_weiss_B,reed switch retracted (ISO6432-10x50),reed,0.01,True
Q3.S2,DI,-KF1 ch11,M2_feeder,esc_cyl_weiss_B,reed switch extended (ISO6432-10x50),reed,0.01,True
I3,DI,-KF1 ch3,M2_feeder,mag_empty_weiss_B,"tube-low sensor, clipped to the tube -> AMR refill request",diffuse_M12,0.03,True
Q4,DO,-KF6 ch9,M2_feeder,esc_cyl_rot_A,valve coil (ISO6432-10x50),SY3000 coil,0.015,True
Q4.S1,DI,-KF1 ch12,M2_feeder,esc_cyl_rot_A,reed switch retracted (ISO6432-10x50),reed,0.01,True
Q4.S2,DI,-KF1 ch13,M2_feeder,esc_cyl_rot_A,reed switch extended (ISO6432-10x50),reed,0.01,True
I4,DI,-KF1 ch4,M2_feeder,mag_empty_rot_A,"tube-low sensor, clipped to the tube -> AMR refill request",diffuse_M12,0.03,True
Q5,DO,-KF6 ch10,M2_feeder,esc_cyl_rot_B,valve coil (ISO6432-10x50),SY3000 coil,0.015,True
Q5.S1,DI,-KF1 ch14,M2_feeder,esc_cyl_rot_B,reed switch retracted (ISO6432-10x50),reed,0.01,True
Q5.S2,DI,-KF1 ch15,M2_feeder,esc_cyl_rot_B,reed switch extended (ISO6432-10x50),reed,0.01,True
I5,DI,-KF1 ch5,M2_feeder,mag_empty_rot_B,"tube-low sensor, clipped to the tube -> AMR refill request",diffuse_M12,0.03,True
Q6,DO,-KF6 ch11,M2_feeder,esc_cyl_blau_A,valve coil (ISO6432-10x50),SY3000 coil,0.015,True
Q6.S1,DI,-KF1 ch16,M2_feeder,esc_cyl_blau_A,reed switch retracted (ISO6432-10x50),reed,0.01,True
Q6.S2,DI,-KF2 ch1,M2_feeder,esc_cyl_blau_A,reed switch extended (ISO6432-10x50),reed,0.01,True
I6,DI,-KF1 ch6,M2_feeder,mag_empty_blau_A,"tube-low sensor, clipped to the tube -> AMR refill request",diffuse_M12,0.03,True
Q7,DO,-KF6 ch12,M2_feeder,esc_cyl_blau_B,valve coil (ISO6432-10x50),SY3000 coil,0.015,True
Q7.S1,DI,-KF2 ch2,M2_feeder,esc_cyl_blau_B,reed switch retracted (ISO6432-10x50),reed,0.01,True
Q7.S2,DI,-KF2 ch3,M2_feeder,esc_cyl_blau_B,reed switch extended (ISO6432-10x50),reed,0.01,True
I7,DI,-KF1 ch7,M2_feeder,mag_empty_blau_B,"tube-low sensor, clipped to the tube -> AMR refill request",diffuse_M12,0.03,True
IOL1,IOL,-KF14 ch1,M2_feeder,hopper_weiss_level,ToF level (IO-Link),tof_level,0.05,True
Q30,STEP,-KF21 ch1,M2_feeder,M_singulator_weiss,stepper 17HS19-2004D-E1000+PG14,17HS19-2004D-E1000,0.0,True
IOL2,IOL,-KF14 ch2,M2_feeder,hopper_rot_level,ToF level (IO-Link),tof_level,0.05,True
Q31,STEP,-KF22 ch1,M2_feeder,M_singulator_rot,stepper 17HS19-2004D-E1000+PG14,17HS19-2004D-E1000,0.0,True
IOL3,IOL,-KF14 ch3,M2_feeder,hopper_blau_level,ToF level (IO-Link),tof_level,0.05,True
Q32,STEP,-KF23 ch1,M2_feeder,M_singulator_blau,stepper 17HS19-2004D-E1000+PG14,17HS19-2004D-E1000,0.0,True
I1,DI,-KF1 ch1,M2_feeder,feeder_empty_check,light barrier: puck already full (recirculating) -> do NOT l,diffuse_M12,0.03,True
NFC-W,IOL,-KF14 ch4,M2_feeder,nfc_writer,RFID/NFC head (IO-Link),nfc_head,0.08,True
Q8,DO,-KF6 ch16,M3_tunnel,oven_heater_0,oven heater SSR (230 V 300 W),SSR_AC,0.012,True
TC1,TC,-KF11 ch1,M3_tunnel,oven_tc_0,oven zone thermocouple K,tc_K,0.0,True
Q9,DO,-KF7 ch1,M3_tunnel,oven_heater_1,oven heater SSR (230 V 300 W),SSR_AC,0.012,True
TC2,TC,-KF11 ch2,M3_tunnel,oven_tc_1,oven zone thermocouple K,tc_K,0.0,True
Q10,DO,-KF6 ch13,M3_tunnel,oven_heater_2,oven heater SSR (230 V 300 W),SSR_AC,0.012,True
TC3,TC,-KF11 ch3,M3_tunnel,oven_tc_2,oven zone thermocouple K,tc_K,0.0,True
Q11,DO,-KF6 ch14,M3_tunnel,cool_fan_0,cooling fan 24 V,fan_80,0.15,True
Q12,DO,-KF6 ch15,M3_tunnel,cool_fan_1,cooling fan 24 V,fan_80,0.15,True
Q14,STEP,-KF24 ch1,M4_stamp,M_stamp_axis,stepper 17HS19-2004D-E1000,17HS19-2004D-E1000,0.0,True
Q16,DO,-KF7 ch3,M4_stamp,stamp_cylinder,valve coil (ISO6432-16x30),SY3000 coil,0.015,True
Q16.S1,DI,-KF2 ch9,M4_stamp,stamp_cylinder,reed switch retracted (ISO6432-16x30),reed,0.01,True
Q16.S2,DI,-KF2 ch10,M4_stamp,stamp_cylinder,reed switch extended (ISO6432-16x30),reed,0.01,True
Q16.P,IOL,-KF15 ch1,M4_stamp,stamp_cylinder,stamp pressure (force = p x A),pressure_iol,0.03,True
I8,DITS,-KF42 ch2,M4_stamp,stamp_sync_sensor,puck-edge sensor: latches the master-axis position to phase ,diffuse_M12,0.03,True
CAM1,ETH,,M5_qc,qc_camera,GigE camera -> edge PC,GigE global-shutter camera,0.0,True
CAM1.TRG,DOTS,-KF44 ch1,M5_qc,qc_camera,camera trigger (timestamped),trigger,0.01,True
Q17,DO,-KF7 ch4,M5_qc,qc_ringlight,ring light 24 V,ringlight,0.4,True
AI1.R,AI,-KF9 ch4,M5_qc,A1_colour_sensor,colour R 0..10 V,colour_sensor,0.016666666666666666,True
AI1.G,AI,-KF9 ch3,M5_qc,A1_colour_sensor,colour G 0..10 V,colour_sensor,0.016666666666666666,True
AI1.B,AI,-KF9 ch2,M5_qc,A1_colour_sensor,colour B 0..10 V,colour_sensor,0.016666666666666666,True
NFC-W2,IOL,-KF15 ch3,M5_qc,nfc_qc,RFID/NFC head (IO-Link),nfc_head,0.08,True
Q18,DO,-KF7 ch5,M5_qc,kick_cylinder,valve coil (ISO6432-10x100),SY3000 coil,0.015,True
Q18.S1,DI,-KF2 ch11,M5_qc,kick_cylinder,reed switch retracted (ISO6432-10x100),reed,0.01,True
Q18.S2,DI,-KF2 ch12,M5_qc,kick_cylinder,reed switch extended (ISO6432-10x100),reed,0.01,True
IOL4,IOL,-KF15 ch2,M5_qc,reject_level,ToF level (IO-Link),tof_level,0.05,True
delta_A.M-15,STEP,-KF25 ch1,M6_pick,delta_A_motor_-15,stepper 17HS19-2004D-E1000+SWG17-30,17HS19-2004D-E1000,0.0,True
delta_A.M105,STEP,-KF26 ch1,M6_pick,delta_A_motor_105,stepper 17HS19-2004D-E1000+SWG17-30,17HS19-2004D-E1000,0.0,True
delta_A.M225,STEP,-KF27 ch1,M6_pick,delta_A_motor_225,stepper 17HS19-2004D-E1000+SWG17-30,17HS19-2004D-E1000,0.0,True
delta_A.VAC,DO,-KF7 ch6,M6_pick,delta_A_cup,vacuum ejector valve,SY3000 coil,0.015,True
delta_A.VAC.P,IOL,-KF16 ch1,M6_pick,delta_A_cup,vacuum level (analogue grip quality),vac_iol,0.03,True
delta_B.M165,STEP,-KF28 ch1,M6_pick,delta_B_motor_165,stepper 17HS19-2004D-E1000+SWG17-30,17HS19-2004D-E1000,0.0,True
delta_B.M285,STEP,-KF29 ch1,M6_pick,delta_B_motor_285,stepper 17HS19-2004D-E1000+SWG17-30,17HS19-2004D-E1000,0.0,True
delta_B.M405,STEP,-KF30 ch1,M6_pick,delta_B_motor_405,stepper 17HS19-2004D-E1000+SWG17-30,17HS19-2004D-E1000,0.0,True
delta_B.VAC,DO,-KF7 ch7,M6_pick,delta_B_cup,vacuum ejector valve,SY3000 coil,0.015,True
delta_B.VAC.P,IOL,-KF16 ch2,M6_pick,delta_B_cup,vacuum level (analogue grip quality),vac_iol,0.03,True
CAM2,ETH,,M6_pick,track_camera,GigE camera -> edge PC,GigE global-shutter camera,0.0,True
CAM2.TRG,DOTS,-KF44 ch2,M6_pick,track_camera,camera trigger (timestamped),trigger,0.01,True
NFC-R,IOL,-KF15 ch4,M6_pick,nfc_pick,RFID/NFC head (IO-Link),nfc_head,0.08,True
Q20,STEP,-KF31 ch1,M7_pack,lane_weiss_frame,"stepper mini belt conveyor 60, end drive 17HS19-2004D-E1000+PG5 inside the frame",17HS19-2004D-E1000,0.0,True
Q33,DO,-KF7 ch11,M7_pack,boxmag_weiss_fork_l,valve coil (ISO6432-8x10),SY3000 coil,0.015,True
Q33.S1,DI,-KF3 ch15,M7_pack,boxmag_weiss_fork_l,reed switch retracted (ISO6432-8x10),reed,0.01,True
Q33.S2,DI,-KF3 ch16,M7_pack,boxmag_weiss_fork_l,reed switch extended (ISO6432-8x10),reed,0.01,True
Q36,DO,-KF7 ch14,M7_pack,sealer_weiss_head,sealing head DC SSR (24 V 60 W),SSR_DC,0.012,True
Q36.TC,TC,-KF12 ch1,M7_pack,sealer_weiss_head,sealing head thermocouple (integrated),tc_K,0.0,True
Q21,STEP,-KF32 ch1,M7_pack,lane_rot_frame,"stepper mini belt conveyor 60, end drive 17HS19-2004D-E1000+PG5 inside the frame",17HS19-2004D-E1000,0.0,True
Q34,DO,-KF7 ch12,M7_pack,boxmag_rot_fork_l,valve coil (ISO6432-8x10),SY3000 coil,0.015,True
Q34.S1,DI,-KF4 ch1,M7_pack,boxmag_rot_fork_l,reed switch retracted (ISO6432-8x10),reed,0.01,True
Q34.S2,DI,-KF4 ch2,M7_pack,boxmag_rot_fork_l,reed switch extended (ISO6432-8x10),reed,0.01,True
Q37,DO,-KF7 ch15,M7_pack,sealer_rot_head,sealing head DC SSR (24 V 60 W),SSR_DC,0.012,True
Q37.TC,TC,-KF12 ch2,M7_pack,sealer_rot_head,sealing head thermocouple (integrated),tc_K,0.0,True
Q22,STEP,-KF33 ch1,M7_pack,lane_blau_frame,"stepper mini belt conveyor 60, end drive 17HS19-2004D-E1000+PG5 inside the frame",17HS19-2004D-E1000,0.0,True
Q35,DO,-KF7 ch13,M7_pack,boxmag_blau_fork_l,valve coil (ISO6432-8x10),SY3000 coil,0.015,True
Q35.S1,DI,-KF4 ch3,M7_pack,boxmag_blau_fork_l,reed switch retracted (ISO6432-8x10),reed,0.01,True
Q35.S2,DI,-KF4 ch4,M7_pack,boxmag_blau_fork_l,reed switch extended (ISO6432-8x10),reed,0.01,True
Q38,DO,-KF7 ch16,M7_pack,sealer_blau_head,sealing head DC SSR (24 V 60 W),SSR_DC,0.012,True
Q38.TC,TC,-KF12 ch3,M7_pack,sealer_blau_head,sealing head thermocouple (integrated),tc_K,0.0,True
Q24,DO,-KF7 ch8,M7_pack,stacker_lift_weiss,valve coil (ISO6432-16x30),SY3000 coil,0.015,True
Q24.S1,DI,-KF3 ch9,M7_pack,stacker_lift_weiss,reed switch retracted (ISO6432-16x30),reed,0.01,True
Q24.S2,DI,-KF3 ch10,M7_pack,stacker_lift_weiss,reed switch extended (ISO6432-16x30),reed,0.01,True
I12,DI,-KF3 ch6,M7_pack,stack_count_weiss,"reed switch on the lift cylinder: lifts are counted, the cas",reed,0.01,True
Q25,DO,-KF7 ch9,M7_pack,stacker_lift_rot,valve coil (ISO6432-16x30),SY3000 coil,0.015,True
Q25.S1,DI,-KF3 ch11,M7_pack,stacker_lift_rot,reed switch retracted (ISO6432-16x30),reed,0.01,True
Q25.S2,DI,-KF3 ch12,M7_pack,stacker_lift_rot,reed switch extended (ISO6432-16x30),reed,0.01,True
I13,DI,-KF3 ch7,M7_pack,stack_count_rot,"reed switch on the lift cylinder: lifts are counted, the cas",reed,0.01,True
Q26,DO,-KF7 ch10,M7_pack,stacker_lift_blau,valve coil (ISO6432-16x30),SY3000 coil,0.015,True
Q26.S1,DI,-KF3 ch13,M7_pack,stacker_lift_blau,reed switch retracted (ISO6432-16x30),reed,0.01,True
Q26.S2,DI,-KF3 ch14,M7_pack,stacker_lift_blau,reed switch extended (ISO6432-16x30),reed,0.01,True
I14,DI,-KF3 ch8,M7_pack,stack_count_blau,"reed switch on the lift cylinder: lifts are counted, the cas",reed,0.01,True
Q27,STEP,-KF34 ch1,M7_pack,M_shuttle_weiss,stepper 17HS19-2004D-E1000,17HS19-2004D-E1000,0.0,True
Q28,STEP,-KF35 ch1,M7_pack,M_shuttle_rot,stepper 17HS19-2004D-E1000,17HS19-2004D-E1000,0.0,True
Q29,STEP,-KF36 ch1,M7_pack,M_shuttle_blau,stepper 17HS19-2004D-E1000,17HS19-2004D-E1000,0.0,True
Q19,SO,-KF58 ch4,M8_control,frl,soft-start / dump valve: safe exhaust of all air (SF3),FRL + soft-start / dump valve 24 V,0.03,True
Q19.FB,SI,-KF53 ch3,M8_control,frl,dump valve position switch (exhausted),FRL + soft-start / dump valve 24 V,0.01,True
I9,DITS,-KF42 ch1,M2_feeder,I9_drop_check,landing check after the last tube: did the cookie land in th,diffuse_M12,0.03,True
IR1,AI,-KF9 ch1,M3_tunnel,IR1_pyrometer,product temperature 0..10 V,ir_pyrometer,0.05,True
CAM4,ETH,,M6_pick,CAM4_pack,GigE camera -> edge PC,GigE global-shutter camera,0.0,True
CAM4.TRG,DOTS,-KF45 ch1,M6_pick,CAM4_pack,camera trigger (timestamped),trigger,0.01,True
Q15,DO,-KF7 ch2,M4_stamp,stamp_die,stamp die heater DC SSR (24 V 25 W),SSR_DC,0.012,True
Q15.TC,TC,-KF11 ch4,M4_stamp,stamp_die,stamp die thermocouple (integrated),tc_K,0.0,True
B2,DI,-KF2 ch7,M4_stamp,M_stamp_axis,stamp carriage home,diffuse_M12,0.03,False
B10,DI,-KF3 ch3,M7_pack,M_shuttle_weiss,shuttle weiss home,diffuse_M12,0.03,False
B11,DI,-KF3 ch4,M7_pack,M_shuttle_rot,shuttle rot home,diffuse_M12,0.03,False
B12,DI,-KF3 ch5,M7_pack,M_shuttle_blau,shuttle blau home,diffuse_M12,0.03,False
B20,DI,-KF2 ch13,M6_pick,delta_A_motor_-15,delta_A_motor_-15 arm index,diffuse_M12,0.03,False
B21,DI,-KF2 ch14,M6_pick,delta_A_motor_105,delta_A_motor_105 arm index,diffuse_M12,0.03,False
B22,DI,-KF2 ch15,M6_pick,delta_A_motor_225,delta_A_motor_225 arm index,diffuse_M12,0.03,False
B23,DI,-KF2 ch16,M6_pick,delta_B_motor_165,delta_B_motor_165 arm index,diffuse_M12,0.03,False
B24,DI,-KF3 ch1,M6_pick,delta_B_motor_285,delta_B_motor_285 arm index,diffuse_M12,0.03,False
B25,DI,-KF3 ch2,M6_pick,delta_B_motor_405,delta_B_motor_405 arm index,diffuse_M12,0.03,False
S20.A,SI,-KF49 ch2,M10_safety,lock_S20,"door closed AND locked, OSSD A (SF2)",guard_lock,0.025,True
S20.B,SI,-KF49 ch3,M10_safety,lock_S20,"door closed AND locked, OSSD B (SF2)",guard_lock,0.025,True
S20.UNL,SO,-KF56 ch1,M10_safety,lock_S20,"unlock solenoid (power-to-unlock, only at standstill)",guard_lock,0.35,True
S21.A,SI,-KF49 ch4,M10_safety,lock_S21,"door closed AND locked, OSSD A (SF2)",guard_lock,0.025,True
S21.B,SI,-KF50 ch1,M10_safety,lock_S21,"door closed AND locked, OSSD B (SF2)",guard_lock,0.025,True
S21.UNL,SO,-KF56 ch2,M10_safety,lock_S21,"unlock solenoid (power-to-unlock, only at standstill)",guard_lock,0.35,True
S22.A,SI,-KF50 ch2,M10_safety,lock_S22,"door closed AND locked, OSSD A (SF2)",guard_lock,0.025,True
S22.B,SI,-KF50 ch3,M10_safety,lock_S22,"door closed AND locked, OSSD B (SF2)",guard_lock,0.025,True
S22.UNL,SO,-KF56 ch3,M10_safety,lock_S22,"unlock solenoid (power-to-unlock, only at standstill)",guard_lock,0.35,True
Q42.CLA,SI,-KF46 ch1,M10_safety,trapdoor_weiss,"trapdoor closed, safety sensor OSSD A",trapdoor,0.005,True
Q42.CLB,SI,-KF46 ch2,M10_safety,trapdoor_weiss,"trapdoor closed, safety sensor OSSD B",trapdoor,0.005,True
Q42,DO,-KF6 ch1,M10_safety,trapdoor_weiss,trapdoor valve (spring-return closes on exhaust),SY3000 coil,0.015,True
Q43.CLA,SI,-KF46 ch3,M10_safety,trapdoor_rot,"trapdoor closed, safety sensor OSSD A",trapdoor,0.005,True
Q43.CLB,SI,-KF46 ch4,M10_safety,trapdoor_rot,"trapdoor closed, safety sensor OSSD B",trapdoor,0.005,True
Q43,DO,-KF6 ch2,M10_safety,trapdoor_rot,trapdoor valve (spring-return closes on exhaust),SY3000 coil,0.015,True
Q44.CLA,SI,-KF47 ch1,M10_safety,trapdoor_blau,"trapdoor closed, safety sensor OSSD A",trapdoor,0.005,True
Q44.CLB,SI,-KF47 ch2,M10_safety,trapdoor_blau,"trapdoor closed, safety sensor OSSD B",trapdoor,0.005,True
Q44,DO,-KF6 ch3,M10_safety,trapdoor_blau,trapdoor valve (spring-return closes on exhaust),SY3000 coil,0.015,True
S30.A,SI,-KF50 ch4,M10_safety,aldoor_boxes,"boxes airlock outer door closed AND locked, OSSD A",airlock_door,0.025,True
S30.B,SI,-KF51 ch1,M10_safety,aldoor_boxes,"boxes airlock outer door closed AND locked, OSSD B",airlock_door,0.025,True
S30.UNL,SO,-KF56 ch4,M10_safety,aldoor_boxes,boxes airlock outer door lock release (interlocked),airlock_door,0.35,True
S30.DRV,DO,-KF6 ch4,M10_safety,aldoor_boxes,boxes airlock outer door drive valve (force-limited),SY3000 coil,0.015,True
S32.A,SI,-KF51 ch4,M10_safety,aldoor_inner,"out airlock inner door closed AND locked, OSSD A",airlock_door,0.025,True
S32.B,SI,-KF52 ch1,M10_safety,aldoor_inner,"out airlock inner door closed AND locked, OSSD B",airlock_door,0.025,True
S32.UNL,SO,-KF57 ch2,M10_safety,aldoor_inner,out airlock inner door lock release (interlocked),airlock_door,0.35,True
S32.DRV,DO,-KF6 ch6,M10_safety,aldoor_inner,out airlock inner door drive valve (force-limited),SY3000 coil,0.015,True
S31.A,SI,-KF51 ch2,M10_safety,aldoor_out,"out airlock outer door closed AND locked, OSSD A",airlock_door,0.025,True
S31.B,SI,-KF51 ch3,M10_safety,aldoor_out,"out airlock outer door closed AND locked, OSSD B",airlock_door,0.025,True
S31.UNL,SO,-KF57 ch1,M10_safety,aldoor_out,out airlock outer door lock release (interlocked),airlock_door,0.35,True
S31.DRV,DO,-KF6 ch5,M10_safety,aldoor_out,out airlock outer door drive valve (force-limited),SY3000 coil,0.015,True
S10.A,SI,-KF47 ch3,M10_safety,estop_S10_head,"E-stop NC contact A (SF1, 2-channel)",estop,0.0,True
S10.B,SI,-KF47 ch4,M10_safety,estop_S10_head,"E-stop NC contact B (SF1, 2-channel)",estop,0.0,True
S11.A,SI,-KF48 ch1,M10_safety,estop_S11_head,"E-stop NC contact A (SF1, 2-channel)",estop,0.0,True
S11.B,SI,-KF48 ch2,M10_safety,estop_S11_head,"E-stop NC contact B (SF1, 2-channel)",estop,0.0,True
S12.A,SI,-KF48 ch3,M10_safety,estop_S12_head,"E-stop NC contact A (SF1, 2-channel)",estop,0.0,True
S12.B,SI,-KF48 ch4,M10_safety,estop_S12_head,"E-stop NC contact B (SF1, 2-channel)",estop,0.0,True
S13,SI,-KF49 ch1,M10_safety,reset_S13_head,reset pushbutton (manual reset on the falling edge),reset,0.02,True
BOXES.DOCK1,DI,-KF4 ch8,M9_ports,port_boxes,AMR docked at boxes (1),dock,0.02,False
BOXES.DOCK2,DI,-KF4 ch9,M9_ports,port_boxes,AMR docked at boxes (2),dock,0.02,False
OUT.DOCK1,DI,-KF4 ch10,M9_ports,port_out,AMR docked at out (1),dock,0.02,False
OUT.DOCK2,DI,-KF4 ch11,M9_ports,port_out,AMR docked at out (2),dock,0.02,False
S34.A,SI,-KF52 ch2,M5_qc,reject_bin_wall_front,"reject drawer in place, OSSD A",drawer_switch,0.025,False
S34.B,SI,-KF52 ch3,M5_qc,reject_bin_wall_front,"reject drawer in place, OSSD B",drawer_switch,0.025,False
K1,SO,-KF57 ch3,M8_control,,"contactor coil: 48 V motor supply, channel 1 (all EL7047)",contactor,0.17,True
K2,SO,-KF57 ch4,M8_control,,"contactor coil: 48 V motor supply, channel 2 (in series with K1)",contactor,0.17,True
K3,SO,-KF58 ch1,M8_control,,"contactor coil: heater feed, channel 1 (AC SSRs + 24 V heater PSU)",contactor,0.17,True
K4,SO,-KF58 ch2,M8_control,,"contactor coil: heater feed, channel 2 (in series with K3)",contactor,0.17,True
K5,SO,-KF58 ch3,M8_control,,"contactor coil: 48 V branch of the out-port zone (Q27, Q28, Q29)",contactor,0.17,True
K1K2.EDM,SI,-KF52 ch4,M8_control,,EDM: K1 + K2 mirror contacts in series (welded contact detection),contactor,0.005,True
K3K4.EDM,SI,-KF53 ch1,M8_control,,EDM: K3 + K4 mirror contacts (welded contact detection),contactor,0.005,True
K5.EDM,SI,-KF53 ch2,M8_control,,EDM: K5 mirror contact (welded contact detection),contactor,0.005,True
Y1,SO,-KF59 ch1,M8_control,valve_island,safe exhaust of the boxes-port pressure zone (SF6),zone_valve,0.05,True
Y1.FB,SI,-KF53 ch4,M8_control,valve_island,boxes zone valve position switch (exhausted),zone_valve,0.01,True
Q8.STL,DI,-KF2 ch5,M3_tunnel,oven_heater_0,"safety temperature limiter tripped (SF4, own element of a duplex thermocouple; its relay contact is in the heater load path)",stl,0.125,True
Q9.STL,DI,-KF2 ch6,M3_tunnel,oven_heater_1,"safety temperature limiter tripped (SF4, own element of a duplex thermocouple; its relay contact is in the heater load path)",stl,0.125,True
Q10.STL,DI,-KF2 ch4,M3_tunnel,oven_heater_2,"safety temperature limiter tripped (SF4, own element of a duplex thermocouple; its relay contact is in the heater load path)",stl,0.125,True
Q36.STL,DI,-KF4 ch5,M7_pack,sealer_weiss_head,"safety temperature limiter tripped (SF4, own element of a duplex thermocouple; its relay contact is in the heater load path)",stl,0.125,True
Q37.STL,DI,-KF4 ch6,M7_pack,sealer_rot_head,"safety temperature limiter tripped (SF4, own element of a duplex thermocouple; its relay contact is in the heater load path)",stl,0.125,True
Q38.STL,DI,-KF4 ch7,M7_pack,sealer_blau_head,"safety temperature limiter tripped (SF4, own element of a duplex thermocouple; its relay contact is in the heater load path)",stl,0.125,True
Q15.STL,DI,-KF2 ch8,M4_stamp,stamp_die,"safety temperature limiter tripped (SF4, own element of a duplex thermocouple; its relay contact is in the heater load path)",stl,0.125,True
