t_s,x_mm,segment,T_top_C,T_core_C,T_bottom_C,water_wb,colour_index,q_in_W
0,390.6,Z1,28.8,25.0,27.7,0.1800,0.000,59.85
1,392.3,Z1,38.2,25.0,34.1,0.1800,0.000,56.95
2,394.6,Z1,47.5,25.0,40.6,0.1800,0.000,54.12
3,396.9,Z1,54.7,25.1,45.6,0.1800,0.000,51.96
4,399.2,Z1,60.6,25.2,49.7,0.1800,0.000,50.21
5,401.5,Z1,65.6,25.5,53.2,0.1800,0.000,48.73
6,403.8,Z1,70.0,25.9,56.2,0.1800,0.000,47.44
7,406.0,Z1,73.9,26.5,58.9,0.1800,0.000,46.29
8,408.3,Z1,77.4,27.3,61.3,0.1800,0.000,45.26
9,410.6,Z1,80.6,28.2,63.5,0.1800,0.000,44.33
10,412.9,Z1,83.5,29.2,65.6,0.1800,0.000,43.47
11,415.2,Z1,86.2,30.4,67.5,0.1800,0.000,42.67
12,417.5,Z1,88.7,31.6,69.2,0.1800,0.000,41.93
13,419.8,Z1,91.1,32.9,70.9,0.1800,0.000,41.23
14,422.1,Z1,93.3,34.3,72.5,0.1800,0.000,40.58
15,424.4,Z1,95.4,35.8,73.9,0.1800,0.000,39.95
16,426.7,Z1,97.4,37.3,75.4,0.1800,0.000,39.36
17,429.0,Z1,99.3,38.8,76.7,0.1800,0.000,38.80
18,431.2,Z1,100.0,40.3,78.1,0.1799,0.000,38.37
19,433.5,Z1,100.0,41.9,79.3,0.1797,0.000,38.16
20,435.8,Z1,100.0,43.5,80.6,0.1795,0.000,37.95
21,438.1,Z1,100.0,45.1,81.8,0.1793,0.000,37.74
22,440.4,Z1,100.0,46.7,83.0,0.1790,0.000,37.54
23,442.7,Z1,100.0,48.3,84.1,0.1787,0.000,37.35
24,445.0,Z1,100.0,49.9,85.2,0.1784,0.000,37.16
25,447.3,Z1,100.0,51.5,86.4,0.1780,0.000,36.97
26,449.6,Z1,100.0,53.0,87.4,0.1777,0.000,36.78
27,451.9,Z1,100.0,54.5,88.5,0.1773,0.000,36.60
28,454.2,Z1,100.0,56.0,89.6,0.1769,0.000,36.42
29,456.5,Z1,100.0,57.5,90.6,0.1765,0.000,36.24
30,458.8,Z1,100.0,58.9,91.7,0.1761,0.000,36.07
31,461.0,Z1,100.0,60.3,92.7,0.1757,0.000,35.90
32,463.3,Z1,100.0,61.6,93.7,0.1752,0.000,35.73
33,465.6,Z1,100.0,63.0,94.7,0.1748,0.000,35.56
34,467.9,Z1,100.0,64.3,95.7,0.1743,0.000,35.39
35,470.2,Z1,100.0,65.6,96.6,0.1738,0.000,35.23
36,472.5,Z1,100.0,66.8,97.6,0.1733,0.000,35.07
37,474.8,Z1,100.0,68.0,98.5,0.1728,0.001,34.91
38,477.1,Z1,100.0,69.2,99.4,0.1723,0.001,34.75
39,479.4,Z1,100.0,70.4,100.0,0.1718,0.001,34.62
40,481.7,Z1,100.0,71.5,100.0,0.1712,0.001,34.62
41,484.0,Z1,100.0,72.6,100.0,0.1705,0.001,34.62
42,486.2,Z1,100.0,73.7,100.0,0.1698,0.001,34.62
43,488.5,Z1,100.0,74.7,100.0,0.1691,0.001,34.62
44,490.8,Z1,100.0,75.7,100.0,0.1684,0.001,34.62
45,493.1,Z1,100.0,76.6,100.0,0.1676,0.001,34.62
46,495.4,Z1,100.0,77.6,100.0,0.1668,0.001,34.62
47,497.7,Z1,100.0,78.4,100.0,0.1660,0.001,34.62
48,500.0,Z1,100.0,79.3,100.0,0.1652,0.001,34.62
49,502.3,Z1,100.0,80.1,100.0,0.1644,0.001,34.62
50,504.6,Z1,100.0,80.8,100.0,0.1635,0.001,34.62
51,506.9,Z1,104.7,81.6,100.0,0.1629,0.001,34.35
52,509.2,Z1,114.7,82.2,100.0,0.1627,0.001,32.44
53,511.5,Z1,121.8,82.9,100.0,0.1624,0.001,31.07
54,513.8,Z1,127.1,83.5,100.0,0.1622,0.001,30.05
55,516.0,Z1,131.2,84.1,100.0,0.1619,0.002,29.27
56,518.3,Z1,134.5,84.8,100.0,0.1616,0.002,28.65
57,520.6,Z1,136.8,85.4,100.0,0.1611,0.003,28.18
58,522.9,Z1,138.4,86.0,100.0,0.1605,0.004,27.86
59,525.2,Z1,139.5,86.6,100.0,0.1599,0.004,27.64
60,527.5,Z1,140.3,87.2,100.0,0.1593,0.005,27.48
61,529.8,Z1,140.9,87.8,100.0,0.1587,0.006,27.37
62,532.1,Z1,141.3,88.4,100.0,0.1580,0.007,27.29
63,534.4,Z1,141.6,89.0,100.0,0.1573,0.008,27.23
64,536.7,Z1,141.9,89.5,100.0,0.1566,0.009,27.17
65,539.0,Z1,142.1,90.0,100.0,0.1559,0.010,27.13
66,541.2,Z1,142.3,90.5,100.0,0.1552,0.012,27.09
67,543.5,Z1,142.5,91.0,100.0,0.1544,0.013,27.06
68,545.8,Z1,142.7,91.4,100.0,0.1537,0.014,27.03
69,548.1,Z1,142.9,91.8,100.0,0.1529,0.015,26.99
70,550.4,Z1,143.1,92.2,100.0,0.1521,0.016,26.96
71,552.7,Z1,143.3,92.6,100.0,0.1514,0.017,26.93
72,555.0,Z1,143.5,93.0,100.0,0.1506,0.019,26.89
73,557.3,Z1,143.7,93.3,100.0,0.1498,0.020,26.85
74,559.6,Z1,143.9,93.6,100.0,0.1490,0.021,26.82
75,561.9,Z1,144.1,93.9,100.0,0.1482,0.022,26.78
76,564.2,Z1,144.3,94.2,100.0,0.1474,0.024,26.73
77,566.5,Z1,144.6,94.5,100.0,0.1466,0.025,26.69
78,568.8,Z1,144.8,94.7,100.0,0.1457,0.026,26.64
79,571.0,Z1,145.1,95.0,100.0,0.1449,0.028,26.59
80,573.3,Z1,145.4,95.2,100.0,0.1441,0.029,26.54
81,575.6,Z1,145.7,95.4,100.0,0.1432,0.030,26.49
82,577.9,Z1,146.0,95.6,100.0,0.1424,0.032,26.43
83,580.2,Z1,146.3,95.8,100.0,0.1416,0.033,26.37
84,582.5,Z1,146.7,96.0,100.0,0.1407,0.035,26.30
85,584.8,Z1,147.1,96.1,100.0,0.1399,0.037,26.23
86,587.1,Z1,147.5,96.3,100.0,0.1390,0.038,26.16
87,589.8,Z2,147.1,96.5,100.0,0.1379,0.040,28.74
88,592.0,Z2,146.2,96.6,100.0,0.1369,0.042,28.94
89,594.3,Z2,145.7,96.8,100.0,0.1359,0.043,29.05
90,596.6,Z2,145.5,96.9,100.7,0.1349,0.045,29.10
91,598.9,Z2,145.5,97.0,110.4,0.1345,0.046,27.72
92,601.2,Z2,145.6,97.1,117.2,0.1341,0.048,26.45
93,603.5,Z2,145.9,97.3,121.9,0.1335,0.049,25.52
94,605.8,Z2,146.2,97.4,125.2,0.1328,0.051,24.86
95,608.1,Z2,146.8,97.5,127.4,0.1324,0.052,24.36
96,610.4,Z2,148.0,97.7,129.0,0.1320,0.054,23.87
97,612.7,Z2,149.6,97.8,130.1,0.1316,0.056,23.40
98,615.0,Z2,151.1,98.0,130.8,0.1311,0.058,22.97
99,617.3,Z2,152.6,98.1,131.4,0.1306,0.060,22.58
100,619.5,Z2,154.0,98.3,131.8,0.1300,0.063,22.25
101,621.8,Z2,155.2,98.4,132.1,0.1293,0.066,21.97
102,624.1,Z2,156.2,98.6,132.4,0.1287,0.070,21.72
103,626.4,Z2,157.1,98.7,132.6,0.1280,0.073,21.52
104,628.7,Z2,157.9,98.8,132.7,0.1274,0.077,21.34
105,631.0,Z2,158.5,98.9,132.9,0.1267,0.081,21.19
106,633.3,Z2,159.0,99.0,133.1,0.1260,0.085,21.06
107,635.6,Z2,159.5,99.1,133.2,0.1253,0.089,20.94
108,637.9,Z2,159.9,99.2,133.3,0.1246,0.094,20.85
109,640.2,Z2,160.2,99.2,133.5,0.1239,0.098,20.76
110,642.5,Z2,160.5,99.3,133.6,0.1232,0.103,20.68
111,644.8,Z2,160.7,99.4,133.8,0.1225,0.108,20.61
112,647.0,Z2,160.9,99.4,133.9,0.1218,0.113,20.54
113,649.3,Z2,161.1,99.5,134.1,0.1210,0.118,20.48
114,651.6,Z2,161.3,99.5,134.2,0.1203,0.123,20.42
115,653.9,Z2,161.4,99.5,134.4,0.1196,0.128,20.37
116,656.2,Z2,161.5,99.6,134.6,0.1189,0.133,20.31
117,658.5,Z2,161.6,99.6,134.8,0.1181,0.138,20.26
118,660.8,Z2,161.7,99.6,135.0,0.1174,0.143,20.21
119,663.1,Z2,161.8,99.7,135.2,0.1167,0.148,20.16
120,665.4,Z2,161.9,99.7,135.4,0.1160,0.154,20.11
121,667.7,Z2,162.0,99.7,135.6,0.1152,0.159,20.06
122,670.0,Z2,162.1,99.7,135.8,0.1145,0.164,20.00
123,672.3,Z2,162.1,99.8,136.1,0.1138,0.170,19.95
124,674.5,Z2,162.2,99.8,136.3,0.1131,0.175,19.89
125,676.8,Z2,162.3,99.8,136.6,0.1123,0.180,19.84
126,679.1,Z2,162.4,99.8,136.9,0.1116,0.186,19.78
127,681.4,Z2,162.4,99.8,137.2,0.1109,0.191,19.72
128,683.7,Z2,162.5,99.8,137.5,0.1102,0.197,19.65
129,686.0,Z2,162.6,99.8,137.8,0.1095,0.202,19.59
130,688.3,Z2,162.6,99.9,138.1,0.1087,0.208,19.52
131,690.6,Z2,162.7,99.9,138.5,0.1080,0.214,19.44
132,692.9,Z2,162.8,99.9,138.9,0.1073,0.219,19.37
133,695.2,Z2,162.8,99.9,139.3,0.1066,0.225,19.29
134,697.5,Z2,162.9,99.9,139.7,0.1059,0.231,19.20
135,699.8,Z2,163.0,99.9,140.2,0.1052,0.236,19.11
136,702.0,Z2,163.1,99.9,140.6,0.1046,0.242,19.02
137,704.3,Z2,163.1,99.9,141.6,0.1043,0.248,18.87
138,706.6,Z2,163.2,99.9,143.0,0.1038,0.254,18.63
139,708.9,Z2,163.3,99.9,144.5,0.1033,0.259,18.37
140,711.2,Z2,163.4,99.9,145.9,0.1028,0.265,18.11
141,713.5,Z2,163.5,99.9,147.2,0.1023,0.271,17.87
142,715.8,Z2,163.6,100.0,148.3,0.1018,0.277,17.65
143,718.1,Z2,163.7,100.0,149.4,0.1012,0.283,17.46
144,720.4,Z2,163.8,100.0,150.2,0.1006,0.289,17.29
145,722.7,Z2,163.9,100.0,151.0,0.1001,0.295,17.14
146,725.0,Z2,164.0,100.0,151.6,0.0995,0.302,17.00
147,727.3,Z2,164.1,100.0,152.1,0.0989,0.308,16.89
148,729.5,Z2,164.2,100.0,152.6,0.0983,0.314,16.78
149,731.8,Z2,164.3,100.0,153.0,0.0977,0.320,16.69
150,734.1,Z2,164.5,100.0,153.3,0.0971,0.327,16.61
151,736.4,Z2,164.6,100.0,153.6,0.0965,0.333,16.53
152,738.7,Z2,164.8,100.0,153.9,0.0959,0.340,16.46
153,741.0,Z2,164.9,100.0,154.1,0.0953,0.346,16.40
154,743.3,Z2,165.1,100.0,154.3,0.0947,0.353,16.33
155,745.6,Z2,165.2,100.0,154.5,0.0943,0.360,16.28
156,747.9,Z2,165.4,100.0,154.6,0.0939,0.367,16.22
157,750.2,Z2,165.7,100.0,154.7,0.0935,0.374,16.14
158,752.5,Z2,166.1,100.0,154.8,0.0931,0.381,16.06
159,754.8,Z2,166.5,100.0,154.9,0.0926,0.388,15.96
160,757.0,Z2,167.0,100.0,155.0,0.0921,0.396,15.86
161,759.3,Z2,167.5,100.0,155.1,0.0916,0.404,15.75
162,761.6,Z2,168.0,100.0,155.2,0.0911,0.412,15.64
163,763.9,Z2,168.4,100.0,155.3,0.0906,0.420,15.54
164,766.2,Z2,168.9,100.0,155.3,0.0901,0.429,15.44
165,768.5,Z2,169.3,100.0,155.4,0.0896,0.438,15.35
166,770.8,Z2,169.7,100.0,155.5,0.0891,0.448,15.26
167,773.1,Z2,170.1,100.0,155.5,0.0885,0.457,15.18
168,775.4,Z2,170.4,100.0,155.6,0.0880,0.467,15.10
169,777.7,Z2,170.8,100.0,155.6,0.0875,0.477,15.03
170,780.0,Z2,171.0,100.0,155.7,0.0869,0.488,14.97
171,782.3,Z2,171.3,100.0,155.8,0.0864,0.498,14.91
172,784.5,Z2,171.5,100.0,155.8,0.0858,0.509,14.85
173,786.8,Z2,171.8,100.0,155.9,0.0853,0.520,14.80
174,788.9,Z3,170.3,100.0,154.8,0.0848,0.529,9.20
175,791.2,Z3,168.7,100.0,153.7,0.0842,0.539,9.73
176,793.5,Z3,167.5,100.0,152.9,0.0837,0.547,10.12
177,795.8,Z3,166.6,100.0,152.2,0.0831,0.554,10.43
178,798.1,Z3,165.8,100.0,151.6,0.0826,0.562,10.67
179,800.4,Z3,165.2,100.0,151.2,0.0821,0.569,10.86
180,802.7,Z3,164.7,100.0,150.9,0.0815,0.575,11.02
181,805.0,Z3,164.3,100.0,150.6,0.0810,0.582,11.15
182,807.3,Z3,164.0,100.0,150.4,0.0805,0.588,11.26
183,809.6,Z3,163.7,100.0,150.2,0.0800,0.594,11.35
184,811.9,Z3,163.4,100.0,150.1,0.0795,0.600,11.42
185,814.1,Z3,163.2,100.0,150.0,0.0790,0.606,11.49
186,816.4,Z3,163.0,100.0,149.9,0.0784,0.612,11.54
187,818.7,Z3,162.8,100.0,149.8,0.0779,0.617,11.58
188,821.0,Z3,162.7,100.0,149.8,0.0774,0.623,11.62
189,823.3,Z3,162.5,100.0,149.8,0.0770,0.628,11.65
190,825.6,Z3,162.4,100.0,149.8,0.0765,0.634,11.68
191,827.9,Z3,162.3,100.0,149.8,0.0760,0.639,11.70
192,830.2,Z3,162.2,100.0,149.8,0.0755,0.645,11.71
193,832.5,Z3,162.1,100.0,149.8,0.0750,0.650,11.72
194,834.8,Z3,162.0,100.0,149.9,0.0745,0.655,11.73
195,837.1,Z3,162.0,100.0,149.9,0.0740,0.661,11.74
196,839.4,Z3,161.9,100.0,150.0,0.0735,0.666,11.74
197,841.6,Z3,161.9,100.0,150.0,0.0731,0.671,11.74
198,843.9,Z3,161.8,100.0,150.1,0.0726,0.677,11.74
199,846.2,Z3,161.8,100.0,150.2,0.0721,0.682,11.73
200,848.5,Z3,161.7,100.0,150.2,0.0716,0.687,11.73
201,850.8,Z3,161.7,100.0,150.3,0.0712,0.692,11.72
202,853.1,Z3,161.7,100.0,150.4,0.0707,0.697,11.71
203,855.4,Z3,161.7,100.0,150.5,0.0702,0.703,11.69
204,857.7,Z3,161.7,100.0,150.6,0.0698,0.708,11.68
205,860.0,Z3,161.7,100.0,150.7,0.0696,0.713,11.66
206,862.3,Z3,161.6,100.0,150.9,0.0693,0.718,11.64
207,864.6,Z3,161.6,100.0,151.2,0.0689,0.723,11.60
208,866.9,Z3,161.6,100.0,151.5,0.0686,0.728,11.55
209,869.1,Z3,161.6,100.0,151.8,0.0682,0.734,11.49
210,871.4,Z3,161.6,100.0,152.2,0.0679,0.739,11.43
211,873.7,Z3,161.6,100.0,152.6,0.0675,0.744,11.36
212,876.0,Z3,161.7,100.0,153.0,0.0671,0.749,11.30
213,878.3,Z3,161.7,100.0,153.3,0.0667,0.754,11.23
214,880.6,Z3,161.7,100.0,153.7,0.0663,0.759,11.17
215,882.9,Z3,161.7,100.0,154.0,0.0659,0.765,11.11
216,885.2,Z3,161.7,100.0,154.3,0.0655,0.770,11.06
217,887.5,Z3,161.7,100.0,154.6,0.0651,0.775,11.01
218,889.8,Z3,161.7,100.0,154.9,0.0647,0.780,10.96
219,892.1,Z3,161.7,100.0,155.1,0.0643,0.785,10.91
220,894.4,Z3,161.8,100.0,155.3,0.0639,0.791,10.87
221,896.6,Z3,161.8,100.0,155.5,0.0635,0.796,10.83
222,898.9,Z3,161.8,100.0,155.7,0.0631,0.801,10.80
223,901.2,Z3,161.8,100.0,155.9,0.0626,0.806,10.76
224,903.5,Z3,161.8,100.0,156.0,0.0622,0.812,10.73
225,905.8,Z3,161.9,100.0,156.2,0.0618,0.817,10.70
226,908.1,Z3,161.9,100.0,156.3,0.0614,0.822,10.68
227,910.4,Z3,161.9,100.0,156.4,0.0610,0.827,10.65
228,912.7,Z3,162.0,100.0,156.5,0.0605,0.833,10.63
229,915.0,Z3,162.0,100.0,156.6,0.0601,0.838,10.60
230,917.3,Z3,162.0,100.0,156.7,0.0597,0.843,10.58
231,919.6,Z3,162.0,100.0,156.8,0.0593,0.849,10.56
232,921.9,Z3,162.1,100.0,156.9,0.0588,0.854,10.54
233,924.1,Z3,162.1,100.0,157.0,0.0584,0.859,10.53
234,926.4,Z3,162.1,100.0,157.0,0.0580,0.865,10.51
235,928.7,Z3,162.2,100.0,157.1,0.0576,0.870,10.49
236,931.0,Z3,162.2,100.0,157.2,0.0572,0.875,10.47
237,933.3,Z3,162.3,100.0,157.2,0.0567,0.881,10.46
238,935.6,Z3,162.3,100.0,157.3,0.0563,0.886,10.44
239,937.9,Z3,162.3,100.0,157.3,0.0559,0.892,10.43
240,940.2,Z3,162.4,100.0,157.3,0.0555,0.897,10.41
241,942.5,Z3,162.4,100.0,157.4,0.0550,0.903,10.40
242,944.8,Z3,162.5,100.0,157.4,0.0547,0.908,10.38
243,947.1,Z3,162.5,100.0,157.5,0.0545,0.914,10.37
244,949.4,Z3,162.6,100.0,157.5,0.0542,0.919,10.35
245,951.6,Z3,162.6,100.0,157.5,0.0539,0.925,10.33
246,953.9,Z3,162.7,100.0,157.6,0.0535,0.930,10.31
247,956.2,Z3,162.8,100.0,157.6,0.0532,0.936,10.29
248,958.5,Z3,162.9,100.0,157.6,0.0529,0.942,10.27
249,960.8,Z3,163.1,100.0,157.6,0.0525,0.947,10.24
250,963.1,Z3,163.2,100.0,157.7,0.0522,0.953,10.21
251,965.4,Z3,163.4,100.0,157.7,0.0518,0.959,10.17
252,967.7,Z3,163.5,100.0,157.7,0.0514,0.965,10.14
253,970.0,Z3,163.7,100.0,157.7,0.0511,0.971,10.11
254,972.3,Z3,163.8,100.0,157.8,0.0507,0.977,10.07
255,974.6,Z3,164.0,100.0,157.8,0.0503,0.983,10.04
256,976.9,Z3,164.2,100.0,157.8,0.0499,0.990,10.01
257,979.1,Z3,164.3,100.0,157.8,0.0496,0.996,9.97
258,981.4,Z3,164.5,100.0,157.8,0.0492,1.002,9.94
259,983.7,Z3,164.6,100.0,157.9,0.0488,1.009,9.91
260,985.8,Z3,164.7,100.0,157.9,0.0484,1.015,9.88
261,988.1,exit,157.9,100.0,154.3,0.0481,1.019,-6.45
262,990.4,exit,152.3,100.0,151.1,0.0477,1.022,-6.10
263,992.7,exit,147.6,100.0,148.4,0.0473,1.024,-5.82
264,995.0,exit,143.4,100.0,146.0,0.0469,1.026,-5.57
265,997.3,exit,139.8,100.0,143.7,0.0465,1.027,-5.37
266,999.6,exit,136.6,100.0,141.7,0.0461,1.027,-5.18
267,1001.9,exit,133.6,100.0,139.7,0.0458,1.028,-5.02
268,1004.2,exit,130.9,100.0,138.0,0.0454,1.028,-4.87
269,1006.5,exit,128.5,100.0,136.3,0.0451,1.029,-4.74
270,1008.8,exit,126.2,100.0,134.7,0.0447,1.029,-4.61
271,1011.0,exit,124.0,100.0,133.2,0.0444,1.029,-4.50
272,1013.3,exit,122.0,100.0,131.7,0.0441,1.029,-4.39
273,1015.6,exit,120.1,100.0,130.4,0.0438,1.030,-4.29
274,1017.9,exit,118.3,100.0,129.1,0.0435,1.030,-4.20
275,1020.2,exit,116.7,100.0,127.8,0.0432,1.030,-4.11
276,1022.5,exit,115.0,100.0,126.6,0.0430,1.030,-4.03
277,1024.8,exit,113.5,100.0,125.5,0.0427,1.030,-3.95
278,1027.1,exit,112.0,100.0,124.4,0.0424,1.030,-3.88
279,1029.4,exit,110.6,100.0,123.3,0.0422,1.030,-3.81
280,1031.7,exit,109.3,100.0,122.3,0.0420,1.030,-3.74
281,1034.0,exit,108.0,100.0,121.3,0.0418,1.030,-3.67
282,1036.2,exit,106.8,100.0,120.4,0.0416,1.030,-3.61
283,1038.5,exit,105.6,100.0,119.5,0.0414,1.030,-3.55
284,1040.8,exit,104.5,100.0,118.7,0.0412,1.030,-3.50
285,1043.1,exit,103.4,100.0,117.8,0.0410,1.031,-3.44
286,1045.4,exit,102.3,100.0,117.0,0.0409,1.031,-3.39
287,1047.7,exit,101.3,100.0,116.3,0.0407,1.031,-3.34
288,1050.0,exit,100.3,100.0,115.5,0.0406,1.031,-3.30
289,1052.3,exit,99.4,100.0,114.8,0.0404,1.031,-3.25
290,1054.6,exit,98.5,100.0,114.2,0.0403,1.031,-3.21
291,1056.9,exit,97.6,100.0,113.5,0.0402,1.031,-3.17
292,1059.2,exit,96.8,100.0,112.9,0.0401,1.031,-3.13
293,1061.5,exit,96.0,100.0,112.3,0.0400,1.031,-3.09
294,1063.8,exit,95.2,100.0,111.7,0.0399,1.031,-3.05
295,1066.0,exit,94.4,100.0,111.1,0.0398,1.031,-3.02
296,1068.3,exit,93.7,100.0,110.6,0.0397,1.031,-2.98
297,1070.6,exit,93.0,100.0,110.1,0.0396,1.031,-2.95
298,1072.9,exit,92.3,100.0,109.6,0.0395,1.031,-2.92
299,1075.2,exit,91.6,100.0,109.1,0.0395,1.031,-2.89
300,1077.6,band cooling,85.6,100.0,102.7,0.0394,1.031,-25.12
301,1079.8,band cooling,79.5,100.0,96.1,0.0393,1.031,-22.66
302,1082.1,band cooling,74.8,100.0,90.7,0.0393,1.031,-20.75
303,1084.4,band cooling,71.1,100.0,86.4,0.0392,1.031,-19.22
304,1086.7,band cooling,68.1,100.0,82.8,0.0392,1.031,-17.98
305,1089.0,band cooling,65.6,100.0,79.7,0.0392,1.031,-16.94
306,1091.3,band cooling,63.5,100.0,77.0,0.0392,1.031,-16.06
307,1093.6,band cooling,61.7,99.9,74.7,0.0392,1.031,-15.30
308,1095.9,band cooling,60.1,99.9,72.6,0.0392,1.031,-14.64
309,1098.2,band cooling,58.7,99.8,70.8,0.0392,1.031,-14.06
310,1100.5,band cooling,57.5,99.6,69.2,0.0392,1.031,-13.54
311,1102.8,band cooling,56.4,99.4,67.7,0.0392,1.031,-13.07
312,1105.1,band cooling,55.4,99.2,66.3,0.0392,1.031,-12.65
313,1107.3,band cooling,54.5,98.9,65.1,0.0392,1.031,-12.26
314,1109.6,band cooling,53.7,98.6,64.0,0.0392,1.031,-11.91
315,1111.9,band cooling,52.9,98.2,63.0,0.0392,1.031,-11.59
316,1114.2,band cooling,52.2,97.8,62.0,0.0392,1.031,-11.30
317,1116.5,band cooling,51.5,97.4,61.1,0.0392,1.031,-11.02
318,1118.8,band cooling,50.9,96.9,60.3,0.0392,1.031,-10.77
319,1121.1,band cooling,50.4,96.5,59.6,0.0392,1.031,-10.53
320,1123.4,band cooling,49.9,96.0,58.8,0.0392,1.031,-10.31
321,1125.7,band cooling,49.4,95.5,58.2,0.0392,1.031,-10.11
322,1128.0,band cooling,48.9,95.0,57.5,0.0392,1.031,-9.91
323,1130.3,band cooling,48.5,94.4,57.0,0.0392,1.031,-9.73
324,1132.6,band cooling,48.1,93.9,56.4,0.0392,1.031,-9.56
325,1134.8,band cooling,47.7,93.3,55.9,0.0392,1.031,-9.39
326,1137.1,band cooling,47.3,92.8,55.4,0.0392,1.031,-9.24
327,1139.4,band cooling,47.0,92.2,54.9,0.0392,1.031,-9.09
328,1141.7,band cooling,46.6,91.6,54.4,0.0392,1.031,-8.95
329,1144.0,band cooling,46.3,91.1,54.0,0.0392,1.031,-8.82
330,1146.3,band cooling,46.0,90.5,53.6,0.0392,1.031,-8.69
331,1148.6,band cooling,45.7,89.9,53.2,0.0392,1.031,-8.57
332,1150.9,band cooling,45.4,89.3,52.8,0.0392,1.031,-8.45
333,1153.2,band cooling,45.1,88.7,52.4,0.0392,1.031,-8.33
334,1155.5,band cooling,44.9,88.2,52.1,0.0392,1.031,-8.22
335,1157.8,band cooling,44.6,87.6,51.7,0.0392,1.031,-8.12
336,1160.1,band cooling,44.4,87.0,51.4,0.0392,1.031,-8.02
337,1162.3,band cooling,44.1,86.4,51.0,0.0392,1.031,-7.92
338,1164.6,band cooling,43.9,85.8,50.7,0.0392,1.031,-7.82
339,1166.9,band cooling,43.7,85.3,50.4,0.0392,1.031,-7.73
340,1169.2,band cooling,43.5,84.7,50.1,0.0392,1.031,-7.63
341,1171.5,band cooling,43.3,84.1,49.8,0.0392,1.031,-7.55
342,1173.8,band cooling,43.1,83.5,49.5,0.0392,1.031,-7.46
343,1176.1,band cooling,42.8,83.0,49.3,0.0392,1.031,-7.37
344,1178.4,band cooling,42.6,82.4,49.0,0.0392,1.031,-7.29
345,1180.7,band cooling,42.5,81.9,48.7,0.0392,1.031,-7.21
346,1183.0,band cooling,42.3,81.3,48.5,0.0392,1.031,-7.13
347,1185.3,band cooling,42.1,80.8,48.2,0.0392,1.031,-7.05
348,1187.6,band cooling,41.9,80.2,47.9,0.0392,1.031,-6.97
349,1189.8,band cooling,41.7,79.7,47.7,0.0392,1.031,-6.90
350,1192.1,band cooling,41.5,79.1,47.5,0.0392,1.031,-6.82
351,1194.4,band cooling,41.4,78.6,47.2,0.0392,1.031,-6.75
352,1196.7,band cooling,41.2,78.1,47.0,0.0392,1.031,-6.68
353,1199.0,band cooling,41.0,77.5,46.7,0.0392,1.031,-6.61
354,1201.3,band cooling,40.8,77.0,46.5,0.0392,1.031,-6.54
355,1203.6,band cooling,40.7,76.5,46.3,0.0392,1.031,-6.47
356,1205.9,band cooling,40.5,76.0,46.1,0.0392,1.031,-6.40
357,1208.2,band cooling,40.4,75.5,45.9,0.0392,1.031,-6.34
358,1210.5,band cooling,40.2,75.0,45.6,0.0392,1.031,-6.27
359,1212.8,band cooling,40.0,74.5,45.4,0.0392,1.031,-6.21
360,1215.1,band cooling,39.9,74.0,45.2,0.0392,1.031,-6.14
361,1217.3,band cooling,39.7,73.5,45.0,0.0392,1.031,-6.08
362,1219.6,band cooling,39.6,73.0,44.8,0.0392,1.031,-6.02
363,1221.9,band cooling,39.4,72.6,44.6,0.0392,1.031,-5.96
364,1224.2,band cooling,39.3,72.1,44.4,0.0392,1.031,-5.89
365,1226.5,band cooling,39.1,71.6,44.2,0.0392,1.031,-5.83
366,1228.8,band cooling,39.0,71.1,44.0,0.0392,1.031,-5.78
367,1231.1,band cooling,38.9,70.7,43.8,0.0392,1.031,-5.72
368,1233.4,band cooling,38.7,70.2,43.6,0.0392,1.031,-5.66
369,1235.7,band cooling,38.6,69.8,43.4,0.0392,1.031,-5.60
370,1238.0,band cooling,38.4,69.3,43.2,0.0392,1.031,-5.54
371,1240.3,band cooling,38.3,68.9,43.1,0.0392,1.031,-5.49
372,1242.6,band cooling,38.2,68.4,42.9,0.0392,1.031,-5.43
373,1244.8,band cooling,38.0,68.0,42.7,0.0392,1.031,-5.38
374,1247.1,band cooling,37.9,67.6,42.5,0.0392,1.031,-5.32
375,1249.4,band cooling,37.8,67.2,42.3,0.0392,1.031,-5.27
376,1251.7,band cooling,37.7,66.7,42.2,0.0392,1.031,-5.22
377,1254.0,band cooling,37.5,66.3,42.0,0.0392,1.031,-5.16
378,1256.3,band cooling,37.4,65.9,41.8,0.0392,1.031,-5.11
379,1258.6,band cooling,37.3,65.5,41.6,0.0392,1.031,-5.06
380,1260.9,band cooling,37.2,65.1,41.5,0.0392,1.031,-5.01
381,1263.2,band cooling,37.0,64.7,41.3,0.0392,1.031,-4.96
382,1265.5,band cooling,36.9,64.3,41.2,0.0392,1.031,-4.91
383,1267.8,band cooling,36.8,63.9,41.0,0.0392,1.031,-4.86
384,1270.1,band cooling,36.7,63.5,40.8,0.0392,1.031,-4.81
385,1272.3,band cooling,36.6,63.1,40.7,0.0392,1.031,-4.76
386,1274.6,band cooling,36.4,62.7,40.5,0.0392,1.031,-4.72
387,1276.9,band cooling,36.3,62.4,40.4,0.0392,1.031,-4.67
388,1279.2,band cooling,36.2,62.0,40.2,0.0392,1.031,-4.62
389,1281.5,band cooling,36.1,61.6,40.0,0.0392,1.031,-4.57
390,1283.8,band cooling,36.0,61.3,39.9,0.0392,1.031,-4.53
391,1286.1,band cooling,35.9,60.9,39.7,0.0392,1.031,-4.48
392,1288.4,band cooling,35.8,60.5,39.6,0.0392,1.031,-4.44
393,1290.7,band cooling,35.7,60.2,39.5,0.0392,1.031,-4.39
394,1293.0,band cooling,35.6,59.8,39.3,0.0392,1.031,-4.35
395,1295.3,band cooling,35.5,59.5,39.2,0.0392,1.031,-4.31
396,1297.6,band cooling,35.4,59.1,39.0,0.0392,1.031,-4.26
397,1299.8,band cooling,35.2,58.8,38.9,0.0392,1.031,-4.22
398,1302.1,band cooling,35.1,58.5,38.7,0.0392,1.031,-4.18
399,1304.4,band cooling,35.0,58.1,38.6,0.0392,1.031,-4.14
400,1306.7,band cooling,34.9,57.8,38.5,0.0392,1.031,-4.09
401,1309.0,band cooling,34.8,57.5,38.3,0.0392,1.031,-4.05
402,1311.3,band cooling,34.7,57.1,38.2,0.0392,1.031,-4.01
403,1313.6,band cooling,34.6,56.8,38.1,0.0392,1.031,-3.97
404,1315.9,band cooling,34.6,56.5,37.9,0.0392,1.031,-3.93
405,1318.2,band cooling,34.5,56.2,37.8,0.0392,1.031,-3.89
406,1320.5,band cooling,34.4,55.9,37.7,0.0392,1.031,-3.85
407,1322.8,band cooling,34.3,55.6,37.6,0.0392,1.031,-3.82
408,1325.1,band cooling,34.2,55.2,37.4,0.0392,1.031,-3.78
409,1327.3,band cooling,34.1,54.9,37.3,0.0392,1.031,-3.74
410,1329.6,band cooling,34.0,54.6,37.2,0.0392,1.031,-3.70
411,1331.9,band cooling,33.9,54.3,37.1,0.0392,1.031,-3.67
412,1334.2,band cooling,33.8,54.1,36.9,0.0392,1.031,-3.63
413,1336.5,band cooling,33.7,53.8,36.8,0.0392,1.031,-3.59
414,1338.8,band cooling,33.6,53.5,36.7,0.0392,1.031,-3.56
415,1341.1,band cooling,33.6,53.2,36.6,0.0392,1.031,-3.52
416,1343.4,band cooling,33.5,52.9,36.5,0.0392,1.031,-3.49
417,1345.7,band cooling,33.4,52.6,36.4,0.0392,1.031,-3.45
418,1348.0,band cooling,33.3,52.4,36.2,0.0392,1.031,-3.42
419,1350.3,band cooling,33.2,52.1,36.1,0.0392,1.031,-3.38
420,1352.6,band cooling,33.1,51.8,36.0,0.0392,1.031,-3.35
421,1354.8,band cooling,33.1,51.5,35.9,0.0392,1.031,-3.31
422,1357.1,band cooling,33.0,51.3,35.8,0.0392,1.031,-3.28
423,1359.4,band cooling,32.9,51.0,35.7,0.0392,1.031,-3.25
424,1361.7,band cooling,32.8,50.8,35.6,0.0392,1.031,-3.22
425,1364.0,band cooling,32.7,50.5,35.5,0.0392,1.031,-3.18
426,1366.3,band cooling,32.7,50.2,35.4,0.0392,1.031,-3.15
427,1368.6,band cooling,32.6,50.0,35.3,0.0392,1.031,-3.12
428,1370.9,band cooling,32.5,49.7,35.2,0.0392,1.031,-3.09
429,1373.2,band cooling,32.4,49.5,35.1,0.0392,1.031,-3.06
430,1375.5,band cooling,32.4,49.2,35.0,0.0392,1.031,-3.03
431,1377.8,band cooling,32.3,49.0,34.9,0.0392,1.031,-3.00
432,1380.1,band cooling,32.2,48.8,34.8,0.0392,1.031,-2.97
433,1382.3,band cooling,32.1,48.5,34.7,0.0392,1.031,-2.94
434,1384.6,band cooling,32.1,48.3,34.6,0.0392,1.031,-2.91
435,1386.9,band cooling,32.0,48.1,34.5,0.0392,1.031,-2.88
436,1389.2,band cooling,31.9,47.8,34.4,0.0392,1.031,-2.85
437,1391.5,band cooling,31.9,47.6,34.3,0.0392,1.031,-2.82
438,1393.8,band cooling,31.8,47.4,34.2,0.0392,1.031,-2.79
439,1396.1,band cooling,31.7,47.1,34.1,0.0392,1.031,-2.76
440,1398.4,band cooling,31.7,46.9,34.0,0.0392,1.031,-2.74
441,1400.7,band cooling,31.6,46.7,33.9,0.0392,1.031,-2.71
442,1403.0,band cooling,31.5,46.5,33.8,0.0392,1.031,-2.68
443,1405.3,band cooling,31.5,46.3,33.7,0.0392,1.031,-2.66
444,1407.6,band cooling,31.4,46.1,33.6,0.0392,1.031,-2.63
445,1409.8,band cooling,31.3,45.8,33.6,0.0392,1.031,-2.60
446,1412.1,band cooling,31.3,45.6,33.5,0.0392,1.031,-2.58
447,1414.4,band cooling,31.2,45.4,33.4,0.0392,1.031,-2.55
448,1416.7,band cooling,31.1,45.2,33.3,0.0392,1.031,-2.53
449,1419.0,band cooling,31.1,45.0,33.2,0.0392,1.031,-2.50
450,1421.3,band cooling,31.0,44.8,33.1,0.0392,1.031,-2.48
451,1423.6,band cooling,31.0,44.6,33.1,0.0392,1.031,-2.45
452,1425.9,band cooling,30.9,44.4,33.0,0.0392,1.031,-2.43
453,1428.2,band cooling,30.8,44.2,32.9,0.0392,1.031,-2.40
454,1430.5,band cooling,30.8,44.0,32.8,0.0392,1.031,-2.38
455,1432.8,to pick,31.2,43.9,33.3,0.0392,1.031,-0.24
456,1435.1,to pick,31.7,43.7,33.9,0.0392,1.031,-0.26
457,1437.3,to pick,32.1,43.5,34.4,0.0392,1.031,-0.28
458,1439.6,to pick,32.5,43.3,34.8,0.0392,1.031,-0.29
459,1441.9,to pick,32.8,43.1,35.1,0.0392,1.031,-0.30
460,1444.2,to pick,33.0,42.9,35.5,0.0392,1.031,-0.31
461,1446.5,to pick,33.2,42.8,35.8,0.0392,1.031,-0.32
462,1448.8,to pick,33.4,42.6,36.0,0.0392,1.031,-0.33
463,1451.1,to pick,33.6,42.4,36.3,0.0392,1.031,-0.34
464,1453.4,to pick,33.8,42.3,36.5,0.0392,1.031,-0.34
465,1455.7,to pick,33.9,42.1,36.7,0.0392,1.031,-0.35
466,1458.0,to pick,34.1,42.0,36.9,0.0392,1.031,-0.36
467,1460.3,to pick,34.2,41.8,37.0,0.0392,1.031,-0.36
468,1462.6,to pick,34.3,41.7,37.2,0.0392,1.031,-0.36
469,1464.8,to pick,34.4,41.6,37.3,0.0392,1.031,-0.37
470,1467.1,to pick,34.5,41.5,37.5,0.0392,1.031,-0.37
471,1469.4,to pick,34.5,41.4,37.6,0.0392,1.031,-0.38
472,1471.7,to pick,34.6,41.2,37.7,0.0392,1.031,-0.38
473,1474.0,to pick,34.7,41.1,37.8,0.0392,1.031,-0.38
474,1476.3,to pick,34.7,41.0,37.9,0.0392,1.031,-0.38
475,1478.6,to pick,34.8,40.9,38.0,0.0392,1.031,-0.39
476,1480.9,to pick,34.8,40.8,38.1,0.0392,1.031,-0.39
477,1483.2,to pick,34.9,40.8,38.2,0.0392,1.031,-0.39
478,1485.5,to pick,34.9,40.7,38.2,0.0392,1.031,-0.39
479,1487.8,to pick,34.9,40.6,38.3,0.0392,1.031,-0.39
480,1490.1,to pick,35.0,40.5,38.4,0.0392,1.031,-0.39
481,1492.3,to pick,35.0,40.4,38.4,0.0392,1.031,-0.40
482,1494.6,to pick,35.0,40.4,38.5,0.0392,1.031,-0.40
483,1496.9,to pick,35.0,40.3,38.5,0.0392,1.031,-0.40
484,1499.2,to pick,35.0,40.2,38.6,0.0392,1.031,-0.40
485,1501.5,to pick,35.1,40.2,38.6,0.0392,1.031,-0.40
486,1503.8,to pick,35.1,40.1,38.7,0.0392,1.031,-0.40
487,1506.1,to pick,35.1,40.1,38.7,0.0392,1.031,-0.40
488,1508.4,to pick,35.1,40.0,38.7,0.0392,1.031,-0.40
489,1510.7,to pick,35.1,39.9,38.8,0.0392,1.031,-0.40
490,1513.3,pick window,35.1,39.9,38.8,0.0392,1.031,-0.40
491,1515.6,pick window,35.1,39.8,38.8,0.0392,1.031,-0.40
492,1517.9,pick window,35.1,39.8,38.8,0.0392,1.031,-0.40
493,1520.2,pick window,35.1,39.7,38.8,0.0392,1.031,-0.40
494,1522.5,pick window,35.1,39.7,38.9,0.0392,1.031,-0.40
495,1524.8,pick window,35.1,39.6,38.9,0.0392,1.031,-0.40
496,1527.1,pick window,35.1,39.6,38.9,0.0392,1.031,-0.40
497,1529.4,pick window,35.1,39.6,38.9,0.0392,1.031,-0.40
498,1531.7,pick window,35.0,39.5,38.9,0.0392,1.031,-0.40
499,1534.0,pick window,35.0,39.5,38.9,0.0392,1.031,-0.40
500,1536.3,pick window,35.0,39.4,38.9,0.0392,1.031,-0.40
501,1538.5,pick window,35.0,39.4,38.9,0.0392,1.031,-0.40
502,1540.8,pick window,35.0,39.4,38.9,0.0392,1.031,-0.40
503,1543.1,pick window,35.0,39.3,38.9,0.0392,1.031,-0.40
504,1545.4,pick window,35.0,39.3,38.9,0.0392,1.031,-0.40
505,1547.7,pick window,35.0,39.2,38.9,0.0392,1.031,-0.40
506,1550.0,pick window,34.9,39.2,38.9,0.0392,1.031,-0.40
507,1552.3,pick window,34.9,39.2,38.9,0.0392,1.031,-0.40
508,1554.6,pick window,34.9,39.1,38.9,0.0392,1.031,-0.40
509,1556.9,pick window,34.9,39.1,38.9,0.0392,1.031,-0.39
510,1559.2,pick window,34.9,39.1,38.9,0.0392,1.031,-0.39
511,1561.5,pick window,34.9,39.0,38.9,0.0392,1.031,-0.39
512,1563.8,pick window,34.8,39.0,38.9,0.0392,1.031,-0.39
513,1566.0,pick window,34.8,39.0,38.8,0.0392,1.031,-0.39
514,1568.3,pick window,34.8,39.0,38.8,0.0392,1.031,-0.39
515,1570.6,pick window,34.8,38.9,38.8,0.0392,1.031,-0.39
516,1572.9,pick window,34.8,38.9,38.8,0.0392,1.031,-0.39
517,1575.2,pick window,34.8,38.9,38.8,0.0392,1.031,-0.39
518,1577.5,pick window,34.7,38.8,38.8,0.0392,1.031,-0.39
519,1579.8,pick window,34.7,38.8,38.8,0.0392,1.031,-0.39
520,,loop,34.7,38.8,38.8,0.0392,1.031,-0.39
521,,loop,34.7,38.7,38.7,0.0392,1.031,-0.39
522,,loop,34.7,38.7,38.7,0.0392,1.031,-0.39
523,,loop,34.6,38.7,38.7,0.0392,1.031,-0.39
524,,loop,34.6,38.7,38.7,0.0392,1.031,-0.38
525,,loop,34.6,38.6,38.7,0.0392,1.031,-0.38
526,,loop,34.6,38.6,38.7,0.0392,1.031,-0.38
527,,loop,34.6,38.6,38.6,0.0392,1.031,-0.38
528,,loop,34.5,38.6,38.6,0.0392,1.031,-0.38
529,,loop,34.5,38.5,38.6,0.0392,1.031,-0.38
530,,loop,34.5,38.5,38.6,0.0392,1.031,-0.38
531,,loop,34.5,38.5,38.6,0.0392,1.031,-0.38
532,,loop,34.5,38.4,38.6,0.0392,1.031,-0.38
533,,loop,34.4,38.4,38.5,0.0392,1.031,-0.38
534,,loop,34.4,38.4,38.5,0.0392,1.031,-0.38
535,,loop,34.4,38.4,38.5,0.0392,1.031,-0.38
536,,loop,34.4,38.3,38.5,0.0392,1.031,-0.38
537,,loop,34.4,38.3,38.5,0.0392,1.031,-0.37
538,,loop,34.4,38.3,38.4,0.0392,1.031,-0.37
539,,loop,34.3,38.3,38.4,0.0392,1.031,-0.37
540,,loop,34.3,38.2,38.4,0.0392,1.031,-0.37
541,,loop,34.3,38.2,38.4,0.0392,1.031,-0.37
542,,loop,34.3,38.2,38.4,0.0392,1.031,-0.37
543,,loop,34.3,38.2,38.4,0.0392,1.031,-0.37
544,,loop,34.2,38.1,38.3,0.0392,1.031,-0.37
545,,loop,34.2,38.1,38.3,0.0392,1.031,-0.37
546,,loop,34.2,38.1,38.3,0.0392,1.031,-0.37
547,,loop,34.2,38.1,38.3,0.0392,1.031,-0.37
548,,loop,34.2,38.0,38.2,0.0392,1.031,-0.37
549,,loop,34.1,38.0,38.2,0.0392,1.031,-0.37
550,,loop,34.1,38.0,38.2,0.0392,1.031,-0.37
551,,loop,34.1,38.0,38.2,0.0392,1.031,-0.36
552,,loop,34.1,37.9,38.2,0.0392,1.031,-0.36
553,,loop,34.1,37.9,38.1,0.0392,1.031,-0.36
554,,loop,34.1,37.9,38.1,0.0392,1.031,-0.36
555,,loop,34.0,37.9,38.1,0.0392,1.031,-0.36
556,,loop,34.0,37.8,38.1,0.0392,1.031,-0.36
557,,loop,34.0,37.8,38.1,0.0392,1.031,-0.36
558,,loop,34.0,37.8,38.0,0.0392,1.031,-0.36
559,,loop,34.0,37.8,38.0,0.0392,1.031,-0.36
560,,loop,33.9,37.8,38.0,0.0392,1.031,-0.36
561,,loop,33.9,37.7,38.0,0.0392,1.031,-0.36
562,,loop,33.9,37.7,38.0,0.0392,1.031,-0.36
563,,loop,33.9,37.7,37.9,0.0392,1.031,-0.36
564,,loop,33.9,37.7,37.9,0.0392,1.031,-0.36
565,,loop,33.9,37.6,37.9,0.0392,1.031,-0.35
566,,loop,33.8,37.6,37.9,0.0392,1.031,-0.35
567,,loop,33.8,37.6,37.8,0.0392,1.031,-0.35
568,,loop,33.8,37.6,37.8,0.0392,1.031,-0.35
569,,loop,33.8,37.5,37.8,0.0392,1.031,-0.35
570,,loop,33.8,37.5,37.8,0.0392,1.031,-0.35
571,,loop,33.8,37.5,37.8,0.0392,1.031,-0.35
572,,loop,33.7,37.5,37.7,0.0392,1.031,-0.35
573,,loop,33.7,37.5,37.7,0.0392,1.031,-0.35
574,,loop,33.7,37.4,37.7,0.0392,1.031,-0.35
575,,loop,33.7,37.4,37.7,0.0392,1.031,-0.35
576,,loop,33.7,37.4,37.7,0.0392,1.031,-0.35
577,,loop,33.7,37.4,37.6,0.0392,1.031,-0.35
578,,loop,33.6,37.3,37.6,0.0392,1.031,-0.35
579,,loop,33.6,37.3,37.6,0.0392,1.031,-0.35
580,,loop,33.6,37.3,37.6,0.0392,1.031,-0.34
581,,loop,33.6,37.3,37.5,0.0392,1.031,-0.34
582,,loop,33.6,37.3,37.5,0.0392,1.031,-0.34
583,,loop,33.6,37.2,37.5,0.0392,1.031,-0.34
584,,loop,33.5,37.2,37.5,0.0392,1.031,-0.34
585,,loop,33.5,37.2,37.5,0.0392,1.031,-0.34
586,,loop,33.5,37.2,37.4,0.0392,1.031,-0.34
587,,loop,33.5,37.1,37.4,0.0392,1.031,-0.34
