section,series,length_mm,end machining,qty
2020,20,24.0,plain,1
2020,20,42.0,end A 1x M5,1
2020,20,85.0,plain,2
2020,20,111.0,plain,4
2020,20,116.5,end B 1x M5,1
2020,20,125.0,plain,1
2020,20,130.0,plain,2
2020,20,170.0,end B 1x M5,1
2020,20,234.0,plain,2
2020,20,248.0,plain,2
2020,20,260.0,end A 1x M5,1
2020,20,282.0,end A 1x M5,1
2020,20,876.0,plain,23
2020,20,1012.0,end B 1x M5,1
2020,20,1342.0,plain,1
2020,20,1386.0,plain,1
2020,20,1834.0,end A 1x M5 + end B 1x M5,1
2040,20,50.0,plain,10
2040,20,170.0,plain,1
2040,20,282.0,plain,1
2040,20,321.7,end A 2x M5,1
2040,20,472.0,plain,1
2040,20,480.0,plain,2
2040,20,590.0,plain,1
2040,20,762.0,plain,2
2040,20,840.0,end B 2x M5,1
2040,20,1291.7,plain,1
2040,20,1342.0,plain,1
2040,20,1362.0,plain,1
3030,30,145.0,plain,3
3030,30,155.0,plain,2
3030,30,175.0,plain,3
3030,30,280.0,plain,1
3030,30,280.5,end A 1x M8,1
3030,30,280.5,plain,1
3030,30,282.0,end A 1x M8,1
3030,30,310.0,plain,4
3030,30,432.0,plain,2
3030,30,844.0,plain,6
4040,40,50.0,plain,6
4040,40,73.0,end A 1x M8,1
4040,40,77.0,end A 1x M8,2
4040,40,145.0,plain,6
4040,40,160.0,plain,8
4040,40,468.0,plain,2
4040,40,578.0,plain,4
4040,40,591.0,plain,1
4040,40,720.0,plain,2
4040,40,836.0,plain,2
