day,date,orders,baked,good,scrap,run_h,faults,maint,failures,A,P,Q,oee
1,Tue 01 Sep,74,666,666,0,13.44,0,0,0,0.84,0.973,1.0,0.817
2,Wed 02 Sep,73,657,657,0,13.28,1,0,0,0.83,0.971,1.0,0.806
3,Thu 03 Sep,73,657,657,0,13.33,0,0,0,0.833,0.968,1.0,0.806
4,Fri 04 Sep,72,648,648,0,13.17,0,0,0,0.823,0.966,1.0,0.795
5,Sat 05 Sep,72,648,648,0,13.22,2,0,0,0.826,0.962,1.0,0.795
6,Sun 06 Sep,72,648,648,0,13.25,0,0,0,0.828,0.96,1.0,0.795
7,Mon 07 Sep,72,648,648,0,13.33,2,0,0,0.833,0.954,1.0,0.795
8,Tue 08 Sep,72,648,648,0,13.42,1,0,0,0.839,0.948,1.0,0.795
9,Wed 09 Sep,72,648,648,0,13.53,0,0,0,0.846,0.94,1.0,0.795
10,Thu 10 Sep,71,639,639,0,13.44,0,1,0,0.84,0.933,1.0,0.784
11,Fri 11 Sep,72,648,648,0,13.19,2,0,0,0.824,0.965,1.0,0.795
12,Sat 12 Sep,72,648,648,0,13.19,0,0,0,0.825,0.964,1.0,0.795
13,Sun 13 Sep,72,648,648,0,13.23,1,1,0,0.827,0.961,1.0,0.795
14,Mon 14 Sep,72,648,648,0,13.29,1,0,0,0.831,0.957,1.0,0.795
15,Tue 15 Sep,72,648,648,0,13.34,0,1,0,0.834,0.954,1.0,0.795
16,Wed 16 Sep,74,666,666,0,13.3,0,1,0,0.831,0.983,1.0,0.817
17,Thu 17 Sep,74,666,666,0,13.35,1,0,0,0.834,0.979,1.0,0.817
18,Fri 18 Sep,74,666,666,0,13.39,0,0,0,0.837,0.976,1.0,0.817
19,Sat 19 Sep,73,657,657,0,13.27,1,0,0,0.829,0.972,1.0,0.806
20,Sun 20 Sep,72,648,648,0,13.17,2,0,0,0.823,0.966,1.0,0.795
21,Mon 21 Sep,72,648,648,0,13.28,1,1,0,0.83,0.958,1.0,0.795
22,Tue 22 Sep,73,657,657,0,13.05,4,0,0,0.816,0.988,1.0,0.806
23,Wed 23 Sep,73,657,657,0,13.09,7,0,0,0.818,0.985,1.0,0.806
24,Thu 24 Sep,73,657,657,0,13.09,6,0,0,0.818,0.985,1.0,0.806
25,Fri 25 Sep,72,648,648,0,12.96,10,1,0,0.81,0.982,1.0,0.795
26,Sat 26 Sep,74,666,666,0,13.21,0,0,0,0.826,0.989,1.0,0.817
27,Sun 27 Sep,74,666,666,0,13.23,0,0,0,0.827,0.988,1.0,0.817
28,Mon 28 Sep,74,666,666,0,13.27,1,0,0,0.829,0.985,1.0,0.817
29,Tue 29 Sep,74,666,666,0,13.25,1,0,0,0.828,0.987,1.0,0.817
30,Wed 30 Sep,74,666,666,0,13.27,0,0,0,0.829,0.985,1.0,0.817
