time,kind,what,comp,code,lost_s,down_h
2026-09-02T18:44,fault,VGR-V01 lost vacuum while carrying (cup seal),,VGR-V01,297,
2026-09-05T13:08,fault,VGR-V01 lost vacuum while carrying (cup seal),,VGR-V01,225,
2026-09-05T13:37,fault,VGR-V01 lost vacuum while carrying (cup seal),,VGR-V01,210,
2026-09-07T07:04,fault,VGR-V01 lost vacuum while carrying (cup seal),,VGR-V01,199,
2026-09-07T17:17,fault,SYS-04 lost bus node,,SYS-04,118,
2026-09-08T06:39,fault,SYS-01 E-stop,,SYS-01,276,
2026-09-10T06:26,warning,U6 warning: HBW travel spindle + nut (soft limit),spindle,,,
2026-09-10T06:26,work order,work order: renew HBW travel spindle + nut,spindle,,,
2026-09-10T22:00,maintenance,"planned: renewed HBW travel spindle + nut (120 min, in the night gap - no production lost) - root cause fixed: the spindle nut loses its grease (a wiper seal failed)",spindle,,,0.0
2026-09-11T09:13,fault,VGR-V01 lost vacuum while carrying (cup seal),,VGR-V01,177,
2026-09-11T16:09,fault,HBW-C01 stuck switch,,HBW-C01,152,
2026-09-13T12:17,warning,U6 warning: air supply (leaks) (soft limit),air,,,
2026-09-13T12:17,work order,work order: renew air supply (leaks),air,,,
2026-09-13T20:57,fault,VGR-V01 lost vacuum while carrying (cup seal),,VGR-V01,152,
2026-09-13T22:00,maintenance,"planned: renewed air supply (leaks) (30 min, in the night gap - no production lost) - root cause fixed: a push-in fitting on the oven manifold starts to leak",air,,,0.0
2026-09-14T08:23,fault,VGR-V01 lost vacuum while carrying (cup seal),,VGR-V01,264,
2026-09-15T20:21,warning,U6 warning: HBW belt (soft limit),belt,,,
2026-09-15T20:21,work order,work order: renew HBW belt,belt,,,
2026-09-15T22:00,maintenance,"planned: renewed HBW belt (45 min, in the night gap - no production lost)",belt,,,0.0
2026-09-16T11:44,warning,U6 warning: colour sensor A4 (LED ageing) (soft limit),colour,,,
2026-09-16T11:44,work order,work order: renew colour sensor A4 (LED ageing),colour,,,
2026-09-16T22:00,maintenance,"planned: renewed colour sensor A4 (LED ageing) (10 min, in the night gap - no production lost)",colour,,,0.0
2026-09-17T19:58,fault,VGR-V01 lost vacuum while carrying (cup seal),,VGR-V01,181,
2026-09-19T17:13,fault,SYS-01 E-stop,,SYS-01,141,
2026-09-20T09:52,fault,SYS-01 E-stop,,SYS-01,174,
2026-09-20T12:44,fault,VGR-V01 lost vacuum while carrying (cup seal),,VGR-V01,240,
2026-09-21T06:52,fault,HBW-C01 stuck switch,,HBW-C01,210,
2026-09-21T20:06,warning,U6 warning: VGR swivel gearbox (sudden-onset wear) (soft limit),gearbox,,,
2026-09-21T20:06,work order,work order: renew VGR swivel gearbox (sudden-onset wear),gearbox,,,
2026-09-21T22:00,maintenance,"planned: renewed VGR swivel gearbox (sudden-onset wear) (90 min, in the night gap - no production lost) - root cause fixed: bearing spalling starts in the swivel gearbox",gearbox,,,0.0
2026-09-22T15:03,fault,VGR-V01 lost vacuum while carrying (cup seal),,VGR-V01,98,
2026-09-22T18:16,fault,VGR-V01 lost vacuum while carrying (cup seal),,VGR-V01,357,
2026-09-22T20:17,fault,VGR-V01 lost vacuum while carrying (cup seal),,VGR-V01,225,
2026-09-22T20:33,fault,VGR-V01 lost vacuum while carrying (cup seal),,VGR-V01,232,
2026-09-23T11:43,fault,VGR-V01 lost vacuum while carrying (cup seal),,VGR-V01,263,
2026-09-23T13:17,fault,VGR-V01 lost vacuum while carrying (cup seal),,VGR-V01,160,
2026-09-23T16:07,fault,VGR-V01 lost vacuum while carrying (cup seal),,VGR-V01,147,
2026-09-23T16:48,fault,VGR-V01 lost vacuum while carrying (cup seal),,VGR-V01,143,
2026-09-23T17:03,fault,VGR-V01 lost vacuum while carrying (cup seal),,VGR-V01,178,
2026-09-23T20:18,fault,VGR-V01 lost vacuum while carrying (cup seal),,VGR-V01,152,
2026-09-23T20:47,fault,VGR-V01 lost vacuum while carrying (cup seal),,VGR-V01,242,
2026-09-24T07:03,fault,VGR-V01 lost vacuum while carrying (cup seal),,VGR-V01,239,
2026-09-24T08:24,fault,VGR-V01 lost vacuum while carrying (cup seal),,VGR-V01,140,
2026-09-24T14:25,fault,VGR-V01 lost vacuum while carrying (cup seal),,VGR-V01,149,
2026-09-24T15:18,fault,VGR-V01 lost vacuum while carrying (cup seal),,VGR-V01,139,
2026-09-24T19:23,fault,VGR-V01 lost vacuum while carrying (cup seal),,VGR-V01,255,
2026-09-24T20:44,fault,VGR-V01 lost vacuum while carrying (cup seal),,VGR-V01,173,
2026-09-25T06:12,fault,VGR-V01 lost vacuum while carrying (cup seal),,VGR-V01,291,
2026-09-25T08:37,fault,VGR-V01 lost vacuum while carrying (cup seal),,VGR-V01,316,
2026-09-25T09:08,fault,VGR-V01 lost vacuum while carrying (cup seal),,VGR-V01,135,
2026-09-25T10:14,fault,VGR-V01 lost vacuum while carrying (cup seal),,VGR-V01,145,
2026-09-25T10:42,warning,U6 warning: VGR suction cup seal (soft limit),cup,,,
2026-09-25T10:42,work order,work order: renew VGR suction cup seal,cup,,,
2026-09-25T11:20,fault,VGR-V01 lost vacuum while carrying (cup seal),,VGR-V01,194,
2026-09-25T16:20,fault,VGR-V01 lost vacuum while carrying (cup seal),,VGR-V01,151,
2026-09-25T17:14,fault,VGR-V01 lost vacuum while carrying (cup seal),,VGR-V01,231,
2026-09-25T17:31,fault,VGR-V01 lost vacuum while carrying (cup seal),,VGR-V01,219,
2026-09-25T17:47,fault,VGR-V01 lost vacuum while carrying (cup seal),,VGR-V01,171,
2026-09-25T20:24,fault,VGR-V01 lost vacuum while carrying (cup seal),,VGR-V01,195,
2026-09-25T22:00,maintenance,"planned: renewed VGR suction cup seal (15 min, in the night gap - no production lost) - root cause fixed: the cup lip is nicked by a burr on a mould rim",cup,,,0.0
2026-09-28T18:15,fault,HBW-C01 stuck switch,,HBW-C01,210,
2026-09-29T19:18,fault,SYS-01 E-stop,,SYS-01,187,
