time,day,shift,dur,good,scrap,returned,temp
2026-09-01T06:00,0,0,652.3,9,0,3,18.9
2026-09-01T06:12,0,0,647.7,9,0,3,18.8
2026-09-01T06:25,0,0,648.9,9,0,3,18.7
2026-09-01T06:38,0,0,656.6,9,0,3,18.6
2026-09-01T06:51,0,0,655.1,9,0,3,18.5
2026-09-01T07:04,0,0,654.3,9,0,3,18.4
2026-09-01T07:17,0,0,665.0,9,0,3,18.3
2026-09-01T07:30,0,0,650.3,9,0,3,18.2
2026-09-01T07:43,0,0,647.5,9,0,3,18.2
2026-09-01T07:55,0,0,656.2,9,0,3,18.1
2026-09-01T08:08,0,0,649.9,9,0,3,18.1
2026-09-01T08:21,0,0,642.4,9,0,3,18.1
2026-09-01T08:34,0,0,648.9,9,0,3,18.0
2026-09-01T08:47,0,0,648.7,9,0,3,18.0
2026-09-01T09:00,0,0,656.3,9,0,3,18.0
2026-09-01T09:13,0,0,650.4,9,0,3,18.0
2026-09-01T09:25,0,0,661.2,9,0,3,18.0
2026-09-01T09:38,0,0,643.5,9,0,3,18.1
2026-09-01T09:51,0,0,658.3,9,0,3,18.1
2026-09-01T10:04,0,0,651.0,9,0,3,18.1
2026-09-01T10:17,0,0,654.3,9,0,3,18.2
2026-09-01T10:30,0,0,657.5,9,0,3,18.3
2026-09-01T10:43,0,0,653.5,9,0,3,18.3
2026-09-01T10:56,0,0,649.1,9,0,3,18.4
2026-09-01T11:08,0,0,643.2,9,0,3,18.5
2026-09-01T11:21,0,0,653.1,9,0,3,18.6
2026-09-01T11:34,0,0,651.8,9,0,3,18.7
2026-09-01T11:47,0,0,647.4,9,0,3,18.8
2026-09-01T12:00,0,0,652.1,9,0,3,18.9
2026-09-01T12:13,0,0,652.1,9,0,3,19.0
2026-09-01T12:25,0,0,654.2,9,0,3,19.2
2026-09-01T12:38,0,0,647.4,9,0,3,19.3
2026-09-01T12:51,0,0,650.8,9,0,3,19.5
2026-09-01T13:04,0,0,661.4,9,0,3,19.6
2026-09-01T13:17,0,0,651.6,9,0,3,19.8
2026-09-01T13:30,0,0,657.5,9,0,3,19.9
2026-09-01T13:43,0,0,649.6,9,0,3,20.1
2026-09-01T14:00,0,1,649.2,9,0,3,20.3
2026-09-01T14:12,0,1,653.8,9,0,3,20.4
2026-09-01T14:25,0,1,654.3,9,0,3,20.6
2026-09-01T14:38,0,1,664.1,9,0,3,20.8
2026-09-01T14:51,0,1,652.2,9,0,3,20.9
2026-09-01T15:04,0,1,652.7,9,0,3,21.1
2026-09-01T15:17,0,1,645.1,9,0,3,21.3
2026-09-01T15:30,0,1,647.8,9,0,3,21.5
2026-09-01T15:42,0,1,656.3,9,0,3,21.6
2026-09-01T15:55,0,1,649.3,9,0,3,21.8
2026-09-01T16:08,0,1,666.1,9,0,3,22.0
2026-09-01T16:21,0,1,661.6,9,0,3,22.1
2026-09-01T16:34,0,1,650.2,9,0,3,22.3
2026-09-01T16:47,0,1,661.0,9,0,3,22.4
2026-09-01T17:00,0,1,659.0,9,0,3,22.6
2026-09-01T17:13,0,1,657.0,9,0,3,22.7
2026-09-01T17:26,0,1,655.4,9,0,3,22.9
2026-09-01T17:39,0,1,657.4,9,0,3,23.0
2026-09-01T17:52,0,1,651.6,9,0,3,23.1
2026-09-01T18:05,0,1,654.8,9,0,3,23.2
2026-09-01T18:18,0,1,645.4,9,0,3,23.4
2026-09-01T18:31,0,1,664.3,9,0,3,23.5
2026-09-01T18:44,0,1,654.0,9,0,3,23.6
2026-09-01T18:57,0,1,657.7,9,0,3,23.7
2026-09-01T19:10,0,1,642.3,9,0,3,23.7
2026-09-01T19:22,0,1,659.5,9,0,3,23.8
2026-09-01T19:35,0,1,657.6,9,0,3,23.9
2026-09-01T19:48,0,1,656.3,9,0,3,23.9
2026-09-01T20:01,0,1,659.6,9,0,3,24.0
2026-09-01T20:14,0,1,653.2,9,0,3,24.0
2026-09-01T20:27,0,1,659.9,9,0,3,24.1
2026-09-01T20:40,0,1,657.0,9,0,3,24.1
2026-09-01T20:53,0,1,651.1,9,0,3,24.1
2026-09-01T21:06,0,1,656.3,9,0,3,24.1
2026-09-01T21:19,0,1,658.2,9,0,3,24.1
2026-09-01T21:32,0,1,658.2,9,0,3,24.1
2026-09-01T21:45,0,1,663.1,9,0,3,24.0
2026-09-02T06:00,1,0,656.4,9,0,3,19.0
2026-09-02T06:12,1,0,655.2,9,0,3,18.9
2026-09-02T06:25,1,0,646.9,9,0,3,18.8
2026-09-02T06:38,1,0,655.4,9,0,3,18.7
2026-09-02T06:51,1,0,648.1,9,0,3,18.6
2026-09-02T07:04,1,0,648.3,9,0,3,18.5
2026-09-02T07:17,1,0,661.3,9,0,3,18.5
2026-09-02T07:30,1,0,649.0,9,0,3,18.4
2026-09-02T07:43,1,0,655.9,9,0,3,18.3
2026-09-02T07:55,1,0,657.2,9,0,3,18.3
2026-09-02T08:08,1,0,656.4,9,0,3,18.2
2026-09-02T08:21,1,0,658.5,9,0,3,18.2
2026-09-02T08:34,1,0,647.4,9,0,3,18.2
2026-09-02T08:47,1,0,661.9,9,0,3,18.2
2026-09-02T09:00,1,0,651.9,9,0,3,18.2
2026-09-02T09:13,1,0,665.9,9,0,3,18.2
2026-09-02T09:26,1,0,655.0,9,0,3,18.2
2026-09-02T09:39,1,0,654.9,9,0,3,18.2
2026-09-02T09:52,1,0,658.1,9,0,3,18.3
2026-09-02T10:05,1,0,655.0,9,0,3,18.3
2026-09-02T10:18,1,0,648.5,9,0,3,18.4
2026-09-02T10:31,1,0,644.1,9,0,3,18.4
2026-09-02T10:43,1,0,663.4,9,0,3,18.5
2026-09-02T10:56,1,0,647.3,9,0,3,18.6
2026-09-02T11:09,1,0,662.7,9,0,3,18.7
2026-09-02T11:22,1,0,663.3,9,0,3,18.8
2026-09-02T11:35,1,0,654.9,9,0,3,18.9
2026-09-02T11:48,1,0,653.0,9,0,3,19.0
2026-09-02T12:01,1,0,652.1,9,0,3,19.1
2026-09-02T12:14,1,0,646.3,9,0,3,19.2
2026-09-02T12:27,1,0,653.8,9,0,3,19.3
2026-09-02T12:40,1,0,645.4,9,0,3,19.5
2026-09-02T12:52,1,0,655.7,9,0,3,19.6
2026-09-02T13:05,1,0,652.3,9,0,3,19.8
2026-09-02T13:18,1,0,652.9,9,0,3,19.9
2026-09-02T13:31,1,0,648.6,9,0,3,20.1
2026-09-02T13:44,1,0,653.9,9,0,3,20.2
2026-09-02T14:00,1,1,658.2,9,0,3,20.4
2026-09-02T14:12,1,1,654.4,9,0,3,20.6
2026-09-02T14:25,1,1,649.9,9,0,3,20.8
2026-09-02T14:38,1,1,656.3,9,0,3,20.9
2026-09-02T14:51,1,1,657.3,9,0,3,21.1
2026-09-02T15:04,1,1,661.9,9,0,3,21.3
2026-09-02T15:17,1,1,655.1,9,0,3,21.4
2026-09-02T15:30,1,1,653.7,9,0,3,21.6
2026-09-02T15:43,1,1,645.2,9,0,3,21.8
2026-09-02T15:56,1,1,648.9,9,0,3,21.9
2026-09-02T16:09,1,1,654.6,9,0,3,22.1
2026-09-02T16:21,1,1,658.2,9,0,3,22.3
2026-09-02T16:34,1,1,652.5,9,0,3,22.4
2026-09-02T16:47,1,1,659.2,9,0,3,22.6
2026-09-02T17:00,1,1,656.9,9,0,3,22.7
2026-09-02T17:13,1,1,658.0,9,0,3,22.9
2026-09-02T17:26,1,1,655.8,9,0,3,23.0
2026-09-02T17:39,1,1,656.3,9,0,3,23.2
2026-09-02T17:52,1,1,656.7,9,0,3,23.3
2026-09-02T18:05,1,1,661.1,9,0,3,23.4
2026-09-02T18:18,1,1,657.8,9,0,3,23.5
2026-09-02T18:31,1,1,658.8,9,0,3,23.6
2026-09-02T18:44,1,1,658.7,9,0,3,23.7
2026-09-02T19:02,1,1,657.9,9,0,3,23.9
2026-09-02T19:15,1,1,654.7,9,0,3,23.9
2026-09-02T19:28,1,1,670.2,9,0,3,24.0
2026-09-02T19:41,1,1,661.1,9,0,3,24.1
2026-09-02T19:54,1,1,658.4,9,0,3,24.1
2026-09-02T20:07,1,1,641.9,9,0,3,24.2
2026-09-02T20:20,1,1,659.7,9,0,3,24.2
2026-09-02T20:33,1,1,659.4,9,0,3,24.2
2026-09-02T20:46,1,1,650.3,9,0,3,24.2
2026-09-02T20:58,1,1,662.6,9,0,3,24.3
2026-09-02T21:11,1,1,659.8,9,0,3,24.3
2026-09-02T21:24,1,1,649.2,9,0,3,24.2
2026-09-02T21:37,1,1,657.8,9,0,3,24.2
2026-09-03T06:00,2,0,651.0,9,0,3,19.2
2026-09-03T06:12,2,0,661.5,9,0,3,19.1
2026-09-03T06:25,2,0,647.2,9,0,3,19.0
2026-09-03T06:38,2,0,658.2,9,0,3,18.9
2026-09-03T06:51,2,0,647.4,9,0,3,18.8
2026-09-03T07:04,2,0,655.8,9,0,3,18.7
2026-09-03T07:17,2,0,655.6,9,0,3,18.6
2026-09-03T07:30,2,0,658.3,9,0,3,18.5
2026-09-03T07:43,2,0,649.8,9,0,3,18.5
2026-09-03T07:56,2,0,649.7,9,0,3,18.4
2026-09-03T08:08,2,0,657.2,9,0,3,18.4
2026-09-03T08:21,2,0,659.1,9,0,3,18.4
2026-09-03T08:34,2,0,655.1,9,0,3,18.3
2026-09-03T08:47,2,0,656.7,9,0,3,18.3
2026-09-03T09:00,2,0,656.3,9,0,3,18.3
2026-09-03T09:13,2,0,655.8,9,0,3,18.3
2026-09-03T09:26,2,0,658.8,9,0,3,18.4
2026-09-03T09:39,2,0,645.0,9,0,3,18.4
2026-09-03T09:52,2,0,654.6,9,0,3,18.4
2026-09-03T10:05,2,0,652.4,9,0,3,18.5
2026-09-03T10:18,2,0,649.6,9,0,3,18.5
2026-09-03T10:30,2,0,652.3,9,0,3,18.6
2026-09-03T10:43,2,0,653.8,9,0,3,18.6
2026-09-03T10:56,2,0,656.9,9,0,3,18.7
2026-09-03T11:09,2,0,659.0,9,0,3,18.8
2026-09-03T11:22,2,0,662.0,9,0,3,18.9
2026-09-03T11:35,2,0,663.4,9,0,3,19.0
2026-09-03T11:48,2,0,654.6,9,0,3,19.1
2026-09-03T12:01,2,0,660.4,9,0,3,19.2
2026-09-03T12:14,2,0,659.2,9,0,3,19.4
2026-09-03T12:27,2,0,648.6,9,0,3,19.5
2026-09-03T12:40,2,0,656.9,9,0,3,19.6
2026-09-03T12:53,2,0,654.7,9,0,3,19.8
2026-09-03T13:06,2,0,654.9,9,0,3,19.9
2026-09-03T13:19,2,0,650.4,9,0,3,20.1
2026-09-03T13:32,2,0,660.3,9,0,3,20.2
2026-09-03T13:45,2,0,658.6,9,0,3,20.4
2026-09-03T14:00,2,1,644.4,9,0,3,20.6
2026-09-03T14:12,2,1,653.4,9,0,3,20.7
2026-09-03T14:25,2,1,659.5,9,0,3,20.9
2026-09-03T14:38,2,1,657.2,9,0,3,21.1
2026-09-03T14:51,2,1,656.3,9,0,3,21.3
2026-09-03T15:04,2,1,657.9,9,0,3,21.4
2026-09-03T15:17,2,1,659.7,9,0,3,21.6
2026-09-03T15:30,2,1,656.1,9,0,3,21.8
2026-09-03T15:43,2,1,659.4,9,0,3,21.9
2026-09-03T15:56,2,1,653.1,9,0,3,22.1
2026-09-03T16:09,2,1,660.7,9,0,3,22.3
2026-09-03T16:22,2,1,658.4,9,0,3,22.4
2026-09-03T16:35,2,1,666.5,9,0,3,22.6
2026-09-03T16:48,2,1,654.2,9,0,3,22.7
2026-09-03T17:01,2,1,659.3,9,0,3,22.9
2026-09-03T17:14,2,1,654.2,9,0,3,23.0
2026-09-03T17:27,2,1,657.3,9,0,3,23.2
2026-09-03T17:40,2,1,664.6,9,0,3,23.3
2026-09-03T17:53,2,1,654.9,9,0,3,23.4
2026-09-03T18:06,2,1,670.2,9,0,3,23.6
2026-09-03T18:19,2,1,658.6,9,0,3,23.7
2026-09-03T18:32,2,1,653.1,9,0,3,23.8
2026-09-03T18:45,2,1,657.5,9,0,3,23.9
2026-09-03T18:58,2,1,661.0,9,0,3,24.0
2026-09-03T19:11,2,1,660.0,9,0,3,24.1
2026-09-03T19:24,2,1,660.6,9,0,3,24.1
2026-09-03T19:37,2,1,673.0,9,0,3,24.2
2026-09-03T19:50,2,1,657.6,9,0,3,24.3
2026-09-03T20:03,2,1,662.2,9,0,3,24.3
2026-09-03T20:16,2,1,658.8,9,0,3,24.3
2026-09-03T20:29,2,1,653.8,9,0,3,24.4
2026-09-03T20:42,2,1,651.9,9,0,3,24.4
2026-09-03T20:55,2,1,671.2,9,0,3,24.4
2026-09-03T21:08,2,1,667.0,9,0,3,24.4
2026-09-03T21:21,2,1,657.3,9,0,3,24.4
2026-09-03T21:34,2,1,669.0,9,0,3,24.4
2026-09-04T06:00,3,0,665.3,9,0,3,19.3
2026-09-04T06:13,3,0,660.7,9,0,3,19.2
2026-09-04T06:26,3,0,660.1,9,0,3,19.1
2026-09-04T06:39,3,0,659.2,9,0,3,19.0
2026-09-04T06:52,3,0,659.7,9,0,3,18.9
2026-09-04T07:05,3,0,663.6,9,0,3,18.8
2026-09-04T07:18,3,0,662.8,9,0,3,18.8
2026-09-04T07:31,3,0,651.6,9,0,3,18.7
2026-09-04T07:44,3,0,652.4,9,0,3,18.6
2026-09-04T07:56,3,0,658.3,9,0,3,18.6
2026-09-04T08:09,3,0,653.4,9,0,3,18.5
2026-09-04T08:22,3,0,663.0,9,0,3,18.5
2026-09-04T08:35,3,0,660.8,9,0,3,18.5
2026-09-04T08:48,3,0,665.5,9,0,3,18.5
2026-09-04T09:01,3,0,652.2,9,0,3,18.5
2026-09-04T09:14,3,0,661.3,9,0,3,18.5
2026-09-04T09:27,3,0,665.7,9,0,3,18.5
2026-09-04T09:40,3,0,648.1,9,0,3,18.5
2026-09-04T09:53,3,0,664.9,9,0,3,18.6
2026-09-04T10:06,3,0,652.2,9,0,3,18.6
2026-09-04T10:19,3,0,653.8,9,0,3,18.7
2026-09-04T10:32,3,0,658.2,9,0,3,18.7
2026-09-04T10:45,3,0,653.7,9,0,3,18.8
2026-09-04T10:58,3,0,646.9,9,0,3,18.9
2026-09-04T11:11,3,0,663.2,9,0,3,19.0
2026-09-04T11:24,3,0,664.3,9,0,3,19.1
2026-09-04T11:37,3,0,657.1,9,0,3,19.2
2026-09-04T11:50,3,0,661.2,9,0,3,19.3
2026-09-04T12:03,3,0,652.3,9,0,3,19.4
2026-09-04T12:16,3,0,648.6,9,0,3,19.5
2026-09-04T12:29,3,0,659.1,9,0,3,19.7
2026-09-04T12:41,3,0,650.6,9,0,3,19.8
2026-09-04T12:54,3,0,660.4,9,0,3,19.9
2026-09-04T13:07,3,0,656.9,9,0,3,20.1
2026-09-04T13:20,3,0,665.7,9,0,3,20.3
2026-09-04T13:33,3,0,657.5,9,0,3,20.4
2026-09-04T14:00,3,1,663.4,9,0,3,20.7
2026-09-04T14:13,3,1,662.0,9,0,3,20.9
2026-09-04T14:26,3,1,655.2,9,0,3,21.1
2026-09-04T14:39,3,1,659.7,9,0,3,21.2
2026-09-04T14:52,3,1,658.5,9,0,3,21.4
2026-09-04T15:04,3,1,654.6,9,0,3,21.6
2026-09-04T15:17,3,1,653.2,9,0,3,21.8
2026-09-04T15:30,3,1,644.1,9,0,3,21.9
2026-09-04T15:43,3,1,662.5,9,0,3,22.1
2026-09-04T15:56,3,1,652.2,9,0,3,22.3
2026-09-04T16:09,3,1,649.7,9,0,3,22.4
2026-09-04T16:22,3,1,660.8,9,0,3,22.6
2026-09-04T16:35,3,1,657.1,9,0,3,22.7
2026-09-04T16:48,3,1,654.5,9,0,3,22.9
2026-09-04T17:01,3,1,652.5,9,0,3,23.0
2026-09-04T17:13,3,1,651.0,9,0,3,23.2
2026-09-04T17:26,3,1,648.8,9,0,3,23.3
2026-09-04T17:39,3,1,675.1,9,0,3,23.5
2026-09-04T17:52,3,1,660.7,9,0,3,23.6
2026-09-04T18:05,3,1,665.2,9,0,3,23.7
2026-09-04T18:19,3,1,656.1,9,0,3,23.8
2026-09-04T18:31,3,1,661.3,9,0,3,23.9
2026-09-04T18:44,3,1,665.2,9,0,3,24.0
2026-09-04T18:58,3,1,667.3,9,0,3,24.1
2026-09-04T19:11,3,1,659.3,9,0,3,24.2
2026-09-04T19:24,3,1,660.5,9,0,3,24.3
2026-09-04T19:37,3,1,658.6,9,0,3,24.4
2026-09-04T19:50,3,1,657.6,9,0,3,24.4
2026-09-04T20:03,3,1,659.2,9,0,3,24.5
2026-09-04T20:16,3,1,667.0,9,0,3,24.5
2026-09-04T20:29,3,1,658.6,9,0,3,24.5
2026-09-04T20:42,3,1,663.7,9,0,3,24.5
2026-09-04T20:55,3,1,666.2,9,0,3,24.6
2026-09-04T21:08,3,1,659.3,9,0,3,24.6
2026-09-04T21:21,3,1,659.3,9,0,3,24.5
2026-09-04T21:34,3,1,656.0,9,0,3,24.5
2026-09-05T06:00,4,0,669.8,9,0,3,19.5
2026-09-05T06:13,4,0,679.9,9,0,3,19.4
2026-09-05T06:26,4,0,662.8,9,0,3,19.3
2026-09-05T06:39,4,0,656.7,9,0,3,19.2
2026-09-05T06:52,4,0,657.6,9,0,3,19.1
2026-09-05T07:05,4,0,658.3,9,0,3,19.0
2026-09-05T07:18,4,0,656.2,9,0,3,18.9
2026-09-05T07:31,4,0,663.1,9,0,3,18.8
2026-09-05T07:44,4,0,658.7,9,0,3,18.8
2026-09-05T07:57,4,0,655.9,9,0,3,18.7
2026-09-05T08:10,4,0,657.8,9,0,3,18.7
2026-09-05T08:23,4,0,645.8,9,0,3,18.7
2026-09-05T08:36,4,0,661.4,9,0,3,18.6
2026-09-05T08:49,4,0,660.4,9,0,3,18.6
2026-09-05T09:02,4,0,653.4,9,0,3,18.6
2026-09-05T09:14,4,0,663.9,9,0,3,18.6
2026-09-05T09:28,4,0,653.1,9,0,3,18.7
2026-09-05T09:40,4,0,655.7,9,0,3,18.7
2026-09-05T09:53,4,0,663.7,9,0,3,18.7
2026-09-05T10:06,4,0,656.7,9,0,3,18.8
2026-09-05T10:19,4,0,659.8,9,0,3,18.8
2026-09-05T10:32,4,0,657.3,9,0,3,18.9
2026-09-05T10:45,4,0,655.0,9,0,3,19.0
2026-09-05T10:58,4,0,650.9,9,0,3,19.0
2026-09-05T11:11,4,0,659.8,9,0,3,19.1
2026-09-05T11:24,4,0,649.5,9,0,3,19.2
2026-09-05T11:37,4,0,660.1,9,0,3,19.3
2026-09-05T11:50,4,0,657.0,9,0,3,19.4
2026-09-05T12:03,4,0,657.8,9,0,3,19.6
2026-09-05T12:16,4,0,654.7,9,0,3,19.7
2026-09-05T12:29,4,0,661.3,9,0,3,19.8
2026-09-05T12:42,4,0,664.2,9,0,3,20.0
2026-09-05T12:55,4,0,660.2,9,0,3,20.1
2026-09-05T13:08,4,0,653.2,9,0,3,20.2
2026-09-05T13:24,4,0,661.3,9,0,3,20.4
2026-09-05T13:37,4,0,664.5,9,0,3,20.6
2026-09-05T14:00,4,1,663.2,9,0,3,20.9
2026-09-05T14:13,4,1,664.8,9,0,3,21.0
2026-09-05T14:26,4,1,665.6,9,0,3,21.2
2026-09-05T14:39,4,1,656.2,9,0,3,21.4
2026-09-05T14:52,4,1,651.4,9,0,3,21.6
2026-09-05T15:05,4,1,665.6,9,0,3,21.7
2026-09-05T15:18,4,1,664.5,9,0,3,21.9
2026-09-05T15:31,4,1,664.5,9,0,3,22.1
2026-09-05T15:44,4,1,669.9,9,0,3,22.2
2026-09-05T15:57,4,1,660.5,9,0,3,22.4
2026-09-05T16:10,4,1,656.5,9,0,3,22.6
2026-09-05T16:23,4,1,663.1,9,0,3,22.7
2026-09-05T16:36,4,1,663.6,9,0,3,22.9
2026-09-05T16:49,4,1,668.6,9,0,3,23.1
2026-09-05T17:02,4,1,671.8,9,0,3,23.2
2026-09-05T17:15,4,1,664.0,9,0,3,23.4
2026-09-05T17:28,4,1,662.3,9,0,3,23.5
2026-09-05T17:41,4,1,668.7,9,0,3,23.6
2026-09-05T17:55,4,1,670.3,9,0,3,23.8
2026-09-05T18:08,4,1,662.0,9,0,3,23.9
2026-09-05T18:21,4,1,660.0,9,0,3,24.0
2026-09-05T18:34,4,1,660.3,9,0,3,24.1
2026-09-05T18:47,4,1,663.4,9,0,3,24.2
2026-09-05T19:00,4,1,667.2,9,0,3,24.3
2026-09-05T19:13,4,1,662.9,9,0,3,24.4
2026-09-05T19:26,4,1,670.9,9,0,3,24.4
2026-09-05T19:39,4,1,661.2,9,0,3,24.5
2026-09-05T19:52,4,1,669.3,9,0,3,24.6
2026-09-05T20:05,4,1,672.7,9,0,3,24.6
2026-09-05T20:19,4,1,655.4,9,0,3,24.6
2026-09-05T20:32,4,1,665.7,9,0,3,24.7
2026-09-05T20:45,4,1,666.5,9,0,3,24.7
2026-09-05T20:58,4,1,655.1,9,0,3,24.7
2026-09-05T21:11,4,1,657.5,9,0,3,24.7
2026-09-05T21:24,4,1,656.3,9,0,3,24.7
2026-09-05T21:37,4,1,664.1,9,0,3,24.7
2026-09-06T06:00,5,0,656.9,9,0,3,19.6
2026-09-06T06:12,5,0,656.0,9,0,3,19.5
2026-09-06T06:25,5,0,661.7,9,0,3,19.4
2026-09-06T06:38,5,0,668.0,9,0,3,19.3
2026-09-06T06:52,5,0,655.1,9,0,3,19.2
2026-09-06T07:04,5,0,660.7,9,0,3,19.1
2026-09-06T07:17,5,0,660.4,9,0,3,19.0
2026-09-06T07:30,5,0,649.2,9,0,3,19.0
2026-09-06T07:43,5,0,654.1,9,0,3,18.9
2026-09-06T07:56,5,0,656.2,9,0,3,18.9
2026-09-06T08:09,5,0,654.1,9,0,3,18.8
2026-09-06T08:22,5,0,663.4,9,0,3,18.8
2026-09-06T08:35,5,0,660.5,9,0,3,18.8
2026-09-06T08:48,5,0,666.4,9,0,3,18.8
2026-09-06T09:01,5,0,668.0,9,0,3,18.8
2026-09-06T09:14,5,0,661.4,9,0,3,18.8
2026-09-06T09:27,5,0,654.9,9,0,3,18.8
2026-09-06T09:40,5,0,660.9,9,0,3,18.8
2026-09-06T09:53,5,0,666.1,9,0,3,18.9
2026-09-06T10:06,5,0,655.7,9,0,3,18.9
2026-09-06T10:19,5,0,663.6,9,0,3,19.0
2026-09-06T10:32,5,0,656.3,9,0,3,19.0
2026-09-06T10:45,5,0,657.4,9,0,3,19.1
2026-09-06T10:58,5,0,657.8,9,0,3,19.2
2026-09-06T11:11,5,0,663.2,9,0,3,19.3
2026-09-06T11:24,5,0,657.0,9,0,3,19.4
2026-09-06T11:37,5,0,664.6,9,0,3,19.5
2026-09-06T11:50,5,0,663.9,9,0,3,19.6
2026-09-06T12:03,5,0,667.5,9,0,3,19.7
2026-09-06T12:17,5,0,662.4,9,0,3,19.8
2026-09-06T12:30,5,0,659.2,9,0,3,20.0
2026-09-06T12:43,5,0,666.5,9,0,3,20.1
2026-09-06T12:56,5,0,668.4,9,0,3,20.2
2026-09-06T13:09,5,0,661.8,9,0,3,20.4
2026-09-06T13:22,5,0,659.1,9,0,3,20.6
2026-09-06T13:35,5,0,661.0,9,0,3,20.7
2026-09-06T14:00,5,1,657.1,9,0,3,21.0
2026-09-06T14:12,5,1,657.1,9,0,3,21.2
2026-09-06T14:25,5,1,659.3,9,0,3,21.4
2026-09-06T14:38,5,1,662.6,9,0,3,21.5
2026-09-06T14:51,5,1,657.3,9,0,3,21.7
2026-09-06T15:04,5,1,660.6,9,0,3,21.9
2026-09-06T15:17,5,1,662.2,9,0,3,22.0
2026-09-06T15:30,5,1,663.2,9,0,3,22.2
2026-09-06T15:43,5,1,663.1,9,0,3,22.4
2026-09-06T15:57,5,1,660.1,9,0,3,22.5
2026-09-06T16:10,5,1,660.3,9,0,3,22.7
2026-09-06T16:23,5,1,664.8,9,0,3,22.9
2026-09-06T16:36,5,1,660.2,9,0,3,23.0
2026-09-06T16:49,5,1,663.1,9,0,3,23.2
2026-09-06T17:02,5,1,655.4,9,0,3,23.3
2026-09-06T17:15,5,1,667.4,9,0,3,23.5
2026-09-06T17:28,5,1,668.7,9,0,3,23.6
2026-09-06T17:41,5,1,676.0,9,0,3,23.8
2026-09-06T17:54,5,1,662.2,9,0,3,23.9
2026-09-06T18:07,5,1,671.5,9,0,3,24.0
2026-09-06T18:20,5,1,666.1,9,0,3,24.1
2026-09-06T18:33,5,1,660.2,9,0,3,24.2
2026-09-06T18:46,5,1,665.5,9,0,3,24.3
2026-09-06T19:00,5,1,666.1,9,0,3,24.4
2026-09-06T19:13,5,1,667.2,9,0,3,24.5
2026-09-06T19:26,5,1,667.0,9,0,3,24.6
2026-09-06T19:39,5,1,659.8,9,0,3,24.6
2026-09-06T19:52,5,1,659.1,9,0,3,24.7
2026-09-06T20:05,5,1,671.7,9,0,3,24.7
2026-09-06T20:18,5,1,673.2,9,0,3,24.8
2026-09-06T20:31,5,1,658.0,9,0,3,24.8
2026-09-06T20:44,5,1,671.3,9,0,3,24.8
2026-09-06T20:57,5,1,669.5,9,0,3,24.8
2026-09-06T21:11,5,1,671.3,9,0,3,24.8
2026-09-06T21:24,5,1,668.8,9,0,3,24.8
2026-09-06T21:37,5,1,665.9,9,0,3,24.8
2026-09-07T06:00,6,0,652.9,9,0,3,19.8
2026-09-07T06:12,6,0,657.4,9,0,3,19.6
2026-09-07T06:25,6,0,653.2,9,0,3,19.5
2026-09-07T06:38,6,0,657.2,9,0,3,19.4
2026-09-07T06:51,6,0,665.1,9,0,3,19.3
2026-09-07T07:04,6,0,665.7,9,0,3,19.3
2026-09-07T07:21,6,0,668.7,9,0,3,19.2
2026-09-07T07:34,6,0,661.8,9,0,3,19.1
2026-09-07T07:47,6,0,669.0,9,0,3,19.0
2026-09-07T08:00,6,0,663.3,9,0,3,19.0
2026-09-07T08:13,6,0,665.3,9,0,3,19.0
2026-09-07T08:26,6,0,665.0,9,0,3,18.9
2026-09-07T08:39,6,0,659.8,9,0,3,18.9
2026-09-07T08:52,6,0,655.6,9,0,3,18.9
2026-09-07T09:05,6,0,663.8,9,0,3,18.9
2026-09-07T09:18,6,0,671.7,9,0,3,18.9
2026-09-07T09:31,6,0,664.5,9,0,3,18.9
2026-09-07T09:44,6,0,664.3,9,0,3,19.0
2026-09-07T09:58,6,0,666.9,9,0,3,19.0
2026-09-07T10:11,6,0,662.1,9,0,3,19.0
2026-09-07T10:24,6,0,663.0,9,0,3,19.1
2026-09-07T10:37,6,0,656.3,9,0,3,19.2
2026-09-07T10:50,6,0,670.5,9,0,3,19.2
2026-09-07T11:03,6,0,667.3,9,0,3,19.3
2026-09-07T11:16,6,0,662.2,9,0,3,19.4
2026-09-07T11:29,6,0,665.6,9,0,3,19.5
2026-09-07T11:42,6,0,661.7,9,0,3,19.6
2026-09-07T11:55,6,0,661.1,9,0,3,19.8
2026-09-07T12:08,6,0,677.0,9,0,3,19.9
2026-09-07T12:21,6,0,667.4,9,0,3,20.0
2026-09-07T12:35,6,0,667.7,9,0,3,20.1
2026-09-07T12:48,6,0,667.9,9,0,3,20.3
2026-09-07T13:01,6,0,674.9,9,0,3,20.4
2026-09-07T13:14,6,0,677.6,9,0,3,20.6
2026-09-07T13:27,6,0,654.1,9,0,3,20.7
2026-09-07T13:40,6,0,666.2,9,0,3,20.9
2026-09-07T14:00,6,1,673.2,9,0,3,21.1
2026-09-07T14:13,6,1,668.8,9,0,3,21.3
2026-09-07T14:26,6,1,661.1,9,0,3,21.5
2026-09-07T14:39,6,1,665.5,9,0,3,21.7
2026-09-07T14:52,6,1,671.0,9,0,3,21.8
2026-09-07T15:05,6,1,669.9,9,0,3,22.0
2026-09-07T15:18,6,1,677.0,9,0,3,22.2
2026-09-07T15:32,6,1,666.9,9,0,3,22.4
2026-09-07T15:45,6,1,672.7,9,0,3,22.5
2026-09-07T15:58,6,1,670.9,9,0,3,22.7
2026-09-07T16:11,6,1,662.5,9,0,3,22.9
2026-09-07T16:24,6,1,673.6,9,0,3,23.0
2026-09-07T16:37,6,1,670.1,9,0,3,23.2
2026-09-07T16:51,6,1,672.4,9,0,3,23.3
2026-09-07T17:04,6,1,672.4,9,0,3,23.5
2026-09-07T17:17,6,1,663.6,9,0,3,23.6
2026-09-07T17:32,6,1,678.3,9,0,3,23.8
2026-09-07T17:45,6,1,653.5,9,0,3,23.9
2026-09-07T17:58,6,1,670.1,9,0,3,24.1
2026-09-07T18:11,6,1,658.0,9,0,3,24.2
2026-09-07T18:24,6,1,668.5,9,0,3,24.3
2026-09-07T18:37,6,1,655.4,9,0,3,24.4
2026-09-07T18:50,6,1,668.3,9,0,3,24.5
2026-09-07T19:04,6,1,667.6,9,0,3,24.6
2026-09-07T19:17,6,1,674.6,9,0,3,24.7
2026-09-07T19:30,6,1,668.0,9,0,3,24.7
2026-09-07T19:43,6,1,664.9,9,0,3,24.8
2026-09-07T19:56,6,1,669.3,9,0,3,24.8
2026-09-07T20:09,6,1,672.6,9,0,3,24.9
2026-09-07T20:22,6,1,677.3,9,0,3,24.9
2026-09-07T20:36,6,1,669.5,9,0,3,24.9
2026-09-07T20:49,6,1,674.9,9,0,3,25.0
2026-09-07T21:02,6,1,665.4,9,0,3,25.0
2026-09-07T21:15,6,1,664.6,9,0,3,25.0
2026-09-07T21:28,6,1,678.8,9,0,3,24.9
2026-09-07T21:42,6,1,664.3,9,0,3,24.9
2026-09-08T06:00,7,0,669.6,9,0,3,19.9
2026-09-08T06:13,7,0,668.5,9,0,3,19.8
2026-09-08T06:26,7,0,662.5,9,0,3,19.7
2026-09-08T06:39,7,0,672.6,9,0,3,19.6
2026-09-08T06:57,7,0,670.1,9,0,3,19.4
2026-09-08T07:10,7,0,663.0,9,0,3,19.3
2026-09-08T07:23,7,0,662.4,9,0,3,19.3
2026-09-08T07:36,7,0,662.1,9,0,3,19.2
2026-09-08T07:49,7,0,653.3,9,0,3,19.2
2026-09-08T08:02,7,0,657.2,9,0,3,19.1
2026-09-08T08:15,7,0,666.0,9,0,3,19.1
2026-09-08T08:28,7,0,666.5,9,0,3,19.0
2026-09-08T08:41,7,0,667.5,9,0,3,19.0
2026-09-08T08:54,7,0,671.1,9,0,3,19.0
2026-09-08T09:07,7,0,664.8,9,0,3,19.0
2026-09-08T09:20,7,0,662.9,9,0,3,19.0
2026-09-08T09:33,7,0,665.1,9,0,3,19.1
2026-09-08T09:47,7,0,670.9,9,0,3,19.1
2026-09-08T10:00,7,0,664.2,9,0,3,19.1
2026-09-08T10:13,7,0,661.1,9,0,3,19.2
2026-09-08T10:26,7,0,672.4,9,0,3,19.2
2026-09-08T10:39,7,0,670.7,9,0,3,19.3
2026-09-08T10:52,7,0,671.8,9,0,3,19.4
2026-09-08T11:05,7,0,676.1,9,0,3,19.5
2026-09-08T11:19,7,0,679.9,9,0,3,19.6
2026-09-08T11:32,7,0,674.8,9,0,3,19.7
2026-09-08T11:45,7,0,665.0,9,0,3,19.8
2026-09-08T11:58,7,0,674.2,9,0,3,19.9
2026-09-08T12:12,7,0,665.1,9,0,3,20.0
2026-09-08T12:25,7,0,666.8,9,0,3,20.2
2026-09-08T12:38,7,0,676.2,9,0,3,20.3
2026-09-08T12:51,7,0,667.5,9,0,3,20.4
2026-09-08T13:04,7,0,670.6,9,0,3,20.6
2026-09-08T13:17,7,0,670.0,9,0,3,20.7
2026-09-08T13:30,7,0,665.1,9,0,3,20.9
2026-09-08T13:44,7,0,674.6,9,0,3,21.1
2026-09-08T14:00,7,1,678.2,9,0,3,21.3
2026-09-08T14:13,7,1,664.0,9,0,3,21.4
2026-09-08T14:26,7,1,674.8,9,0,3,21.6
2026-09-08T14:39,7,1,669.7,9,0,3,21.8
2026-09-08T14:52,7,1,670.9,9,0,3,22.0
2026-09-08T15:05,7,1,679.8,9,0,3,22.1
2026-09-08T15:19,7,1,672.4,9,0,3,22.3
2026-09-08T15:32,7,1,669.7,9,0,3,22.5
2026-09-08T15:45,7,1,668.5,9,0,3,22.6
2026-09-08T15:58,7,1,681.6,9,0,3,22.8
2026-09-08T16:12,7,1,679.2,9,0,3,23.0
2026-09-08T16:25,7,1,671.8,9,0,3,23.1
2026-09-08T16:38,7,1,672.6,9,0,3,23.3
2026-09-08T16:51,7,1,670.8,9,0,3,23.5
2026-09-08T17:05,7,1,664.3,9,0,3,23.6
2026-09-08T17:18,7,1,686.3,9,0,3,23.8
2026-09-08T17:31,7,1,682.9,9,0,3,23.9
2026-09-08T17:44,7,1,673.5,9,0,3,24.0
2026-09-08T17:58,7,1,670.3,9,0,3,24.2
2026-09-08T18:11,7,1,672.1,9,0,3,24.3
2026-09-08T18:24,7,1,678.7,9,0,3,24.4
2026-09-08T18:37,7,1,674.0,9,0,3,24.5
2026-09-08T18:51,7,1,669.4,9,0,3,24.6
2026-09-08T19:04,7,1,673.9,9,0,3,24.7
2026-09-08T19:17,7,1,669.1,9,0,3,24.8
2026-09-08T19:30,7,1,675.5,9,0,3,24.8
2026-09-08T19:43,7,1,681.5,9,0,3,24.9
2026-09-08T19:57,7,1,672.3,9,0,3,25.0
2026-09-08T20:10,7,1,674.3,9,0,3,25.0
2026-09-08T20:23,7,1,673.9,9,0,3,25.0
2026-09-08T20:36,7,1,676.4,9,0,3,25.1
2026-09-08T20:50,7,1,676.1,9,0,3,25.1
2026-09-08T21:03,7,1,683.4,9,0,3,25.1
2026-09-08T21:16,7,1,669.8,9,0,3,25.1
2026-09-08T21:30,7,1,673.4,9,0,3,25.1
2026-09-08T21:43,7,1,677.5,9,0,3,25.0
2026-09-09T06:00,8,0,674.8,9,0,3,20.0
2026-09-09T06:13,8,0,682.1,9,0,3,19.9
2026-09-09T06:26,8,0,677.4,9,0,3,19.8
2026-09-09T06:39,8,0,669.4,9,0,3,19.7
2026-09-09T06:53,8,0,682.2,9,0,3,19.6
2026-09-09T07:06,8,0,683.7,9,0,3,19.5
2026-09-09T07:19,8,0,679.3,9,0,3,19.4
2026-09-09T07:33,8,0,684.2,9,0,3,19.3
2026-09-09T07:46,8,0,693.7,9,0,3,19.3
2026-09-09T08:00,8,0,674.6,9,0,3,19.2
2026-09-09T08:13,8,0,679.7,9,0,3,19.2
2026-09-09T08:26,8,0,672.2,9,0,3,19.2
2026-09-09T08:39,8,0,676.5,9,0,3,19.1
2026-09-09T08:53,8,0,681.1,9,0,3,19.1
2026-09-09T09:06,8,0,667.1,9,0,3,19.1
2026-09-09T09:19,8,0,668.8,9,0,3,19.1
2026-09-09T09:32,8,0,671.0,9,0,3,19.2
2026-09-09T09:45,8,0,669.3,9,0,3,19.2
2026-09-09T09:59,8,0,670.9,9,0,3,19.2
2026-09-09T10:12,8,0,673.6,9,0,3,19.3
2026-09-09T10:25,8,0,681.3,9,0,3,19.3
2026-09-09T10:38,8,0,680.9,9,0,3,19.4
2026-09-09T10:52,8,0,678.2,9,0,3,19.5
2026-09-09T11:05,8,0,673.8,9,0,3,19.6
2026-09-09T11:18,8,0,680.2,9,0,3,19.7
2026-09-09T11:32,8,0,678.5,9,0,3,19.8
2026-09-09T11:45,8,0,675.9,9,0,3,19.9
2026-09-09T11:58,8,0,678.0,9,0,3,20.0
2026-09-09T12:11,8,0,669.6,9,0,3,20.1
2026-09-09T12:25,8,0,677.0,9,0,3,20.3
2026-09-09T12:38,8,0,673.9,9,0,3,20.4
2026-09-09T12:51,8,0,671.8,9,0,3,20.6
2026-09-09T13:04,8,0,671.1,9,0,3,20.7
2026-09-09T13:18,8,0,685.4,9,0,3,20.9
2026-09-09T13:31,8,0,687.6,9,0,3,21.0
2026-09-09T13:44,8,0,676.1,9,0,3,21.2
2026-09-09T14:00,8,1,672.0,9,0,3,21.4
2026-09-09T14:13,8,1,678.0,9,0,3,21.5
2026-09-09T14:26,8,1,666.8,9,0,3,21.7
2026-09-09T14:39,8,1,670.5,9,0,3,21.9
2026-09-09T14:52,8,1,690.2,9,0,3,22.1
2026-09-09T15:06,8,1,680.4,9,0,3,22.2
2026-09-09T15:19,8,1,679.2,9,0,3,22.4
2026-09-09T15:32,8,1,675.3,9,0,3,22.6
2026-09-09T15:46,8,1,672.1,9,0,3,22.8
2026-09-09T15:59,8,1,667.8,9,0,3,22.9
2026-09-09T16:12,8,1,678.4,9,0,3,23.1
2026-09-09T16:25,8,1,665.0,9,0,3,23.3
2026-09-09T16:38,8,1,680.5,9,0,3,23.4
2026-09-09T16:52,8,1,677.8,9,0,3,23.6
2026-09-09T17:05,8,1,664.1,9,0,3,23.7
2026-09-09T17:18,8,1,674.9,9,0,3,23.9
2026-09-09T17:31,8,1,676.5,9,0,3,24.0
2026-09-09T17:45,8,1,669.5,9,0,3,24.1
2026-09-09T17:58,8,1,684.5,9,0,3,24.3
2026-09-09T18:11,8,1,682.4,9,0,3,24.4
2026-09-09T18:25,8,1,676.7,9,0,3,24.5
2026-09-09T18:38,8,1,681.4,9,0,3,24.6
2026-09-09T18:51,8,1,673.7,9,0,3,24.7
2026-09-09T19:04,8,1,682.5,9,0,3,24.8
2026-09-09T19:18,8,1,681.0,9,0,3,24.9
2026-09-09T19:31,8,1,675.5,9,0,3,25.0
2026-09-09T19:44,8,1,670.9,9,0,3,25.0
2026-09-09T19:58,8,1,673.7,9,0,3,25.1
2026-09-09T20:11,8,1,682.4,9,0,3,25.1
2026-09-09T20:24,8,1,669.2,9,0,3,25.1
2026-09-09T20:37,8,1,679.3,9,0,3,25.2
2026-09-09T20:51,8,1,671.5,9,0,3,25.2
2026-09-09T21:04,8,1,677.3,9,0,3,25.2
2026-09-09T21:17,8,1,679.5,9,0,3,25.2
2026-09-09T21:31,8,1,671.7,9,0,3,25.2
2026-09-09T21:44,8,1,682.0,9,0,3,25.1
2026-09-10T06:00,9,0,666.5,9,0,3,20.1
2026-09-10T06:13,9,0,671.1,9,0,3,20.0
2026-09-10T06:26,9,0,669.4,9,0,3,19.9
2026-09-10T06:39,9,0,677.7,9,0,3,19.8
2026-09-10T06:52,9,0,677.5,9,0,3,19.7
2026-09-10T07:06,9,0,691.7,9,0,3,19.6
2026-09-10T07:19,9,0,679.4,9,0,3,19.5
2026-09-10T07:32,9,0,676.6,9,0,3,19.4
2026-09-10T07:46,9,0,673.1,9,0,3,19.4
2026-09-10T07:59,9,0,670.8,9,0,3,19.3
2026-09-10T08:12,9,0,678.4,9,0,3,19.3
2026-09-10T08:25,9,0,680.4,9,0,3,19.3
2026-09-10T08:39,9,0,682.7,9,0,3,19.2
2026-09-10T08:52,9,0,682.2,9,0,3,19.2
2026-09-10T09:05,9,0,669.5,9,0,3,19.2
2026-09-10T09:19,9,0,679.7,9,0,3,19.2
2026-09-10T09:32,9,0,684.6,9,0,3,19.3
2026-09-10T09:45,9,0,666.6,9,0,3,19.3
2026-09-10T09:58,9,0,681.7,9,0,3,19.3
2026-09-10T10:12,9,0,696.1,9,0,3,19.4
2026-09-10T10:25,9,0,684.4,9,0,3,19.4
2026-09-10T10:39,9,0,677.8,9,0,3,19.5
2026-09-10T10:52,9,0,690.3,9,0,3,19.6
2026-09-10T11:06,9,0,674.3,9,0,3,19.7
2026-09-10T11:19,9,0,678.5,9,0,3,19.8
2026-09-10T11:32,9,0,677.6,9,0,3,19.9
2026-09-10T11:45,9,0,675.0,9,0,3,20.0
2026-09-10T11:59,9,0,681.0,9,0,3,20.1
2026-09-10T12:12,9,0,672.3,9,0,3,20.2
2026-09-10T12:25,9,0,680.4,9,0,3,20.4
2026-09-10T12:39,9,0,674.8,9,0,3,20.5
2026-09-10T12:52,9,0,676.2,9,0,3,20.7
2026-09-10T13:05,9,0,683.8,9,0,3,20.8
2026-09-10T13:19,9,0,678.4,9,0,3,21.0
2026-09-10T13:32,9,0,682.5,9,0,3,21.1
2026-09-10T13:45,9,0,681.0,9,0,3,21.3
2026-09-10T14:00,9,1,685.3,9,0,3,21.5
2026-09-10T14:13,9,1,687.8,9,0,3,21.6
2026-09-10T14:26,9,1,673.3,9,0,3,21.8
2026-09-10T14:40,9,1,675.6,9,0,3,22.0
2026-09-10T14:53,9,1,685.1,9,0,3,22.2
2026-09-10T15:06,9,1,675.4,9,0,3,22.3
2026-09-10T15:20,9,1,686.5,9,0,3,22.5
2026-09-10T15:33,9,1,680.0,9,0,3,22.7
2026-09-10T15:46,9,1,685.3,9,0,3,22.9
2026-09-10T16:00,9,1,681.0,9,0,3,23.0
2026-09-10T16:13,9,1,681.0,9,0,3,23.2
2026-09-10T16:26,9,1,693.0,9,0,3,23.4
2026-09-10T16:40,9,1,690.3,9,0,3,23.5
2026-09-10T16:53,9,1,686.5,9,0,3,23.7
2026-09-10T17:07,9,1,687.7,9,0,3,23.8
2026-09-10T17:20,9,1,684.4,9,0,3,24.0
2026-09-10T17:34,9,1,684.8,9,0,3,24.1
2026-09-10T17:47,9,1,687.8,9,0,3,24.3
2026-09-10T18:01,9,1,688.9,9,0,3,24.4
2026-09-10T18:14,9,1,692.7,9,0,3,24.5
2026-09-10T18:28,9,1,680.3,9,0,3,24.6
2026-09-10T18:41,9,1,695.2,9,0,3,24.7
2026-09-10T18:55,9,1,681.8,9,0,3,24.8
2026-09-10T19:08,9,1,686.3,9,0,3,24.9
2026-09-10T19:21,9,1,681.1,9,0,3,25.0
2026-09-10T19:35,9,1,682.2,9,0,3,25.1
2026-09-10T19:48,9,1,677.8,9,0,3,25.1
2026-09-10T20:01,9,1,680.4,9,0,3,25.2
2026-09-10T20:15,9,1,692.9,9,0,3,25.2
2026-09-10T20:28,9,1,675.0,9,0,3,25.2
2026-09-10T20:42,9,1,689.9,9,0,3,25.3
2026-09-10T20:55,9,1,681.7,9,0,3,25.3
2026-09-10T21:08,9,1,688.5,9,0,3,25.3
2026-09-10T21:22,9,1,686.2,9,0,3,25.3
2026-09-10T21:35,9,1,694.2,9,0,3,25.2
2026-09-11T06:00,10,0,653.5,9,0,3,20.2
2026-09-11T06:12,10,0,650.6,9,0,3,20.1
2026-09-11T06:25,10,0,648.7,9,0,3,20.0
2026-09-11T06:38,10,0,654.3,9,0,3,19.9
2026-09-11T06:51,10,0,656.3,9,0,3,19.8
2026-09-11T07:04,10,0,657.4,9,0,3,19.7
2026-09-11T07:17,10,0,655.7,9,0,3,19.6
2026-09-11T07:30,10,0,656.1,9,0,3,19.5
2026-09-11T07:43,10,0,652.6,9,0,3,19.5
2026-09-11T07:56,10,0,661.8,9,0,3,19.4
2026-09-11T08:09,10,0,666.9,9,0,3,19.4
2026-09-11T08:22,10,0,651.9,9,0,3,19.3
2026-09-11T08:35,10,0,648.5,9,0,3,19.3
2026-09-11T08:47,10,0,656.2,9,0,3,19.3
2026-09-11T09:00,10,0,654.0,9,0,3,19.3
2026-09-11T09:13,10,0,647.9,9,0,3,19.3
2026-09-11T09:29,10,0,650.4,9,0,3,19.3
2026-09-11T09:42,10,0,656.9,9,0,3,19.4
2026-09-11T09:55,10,0,656.7,9,0,3,19.4
2026-09-11T10:08,10,0,660.4,9,0,3,19.4
2026-09-11T10:21,10,0,658.7,9,0,3,19.5
2026-09-11T10:34,10,0,653.2,9,0,3,19.6
2026-09-11T10:47,10,0,661.9,9,0,3,19.6
2026-09-11T11:00,10,0,660.6,9,0,3,19.7
2026-09-11T11:13,10,0,656.2,9,0,3,19.8
2026-09-11T11:26,10,0,653.5,9,0,3,19.9
2026-09-11T11:38,10,0,653.1,9,0,3,20.0
2026-09-11T11:51,10,0,671.6,9,0,3,20.1
2026-09-11T12:05,10,0,660.4,9,0,3,20.2
2026-09-11T12:18,10,0,651.2,9,0,3,20.4
2026-09-11T12:30,10,0,671.4,9,0,3,20.5
2026-09-11T12:44,10,0,667.9,9,0,3,20.6
2026-09-11T12:57,10,0,661.2,9,0,3,20.8
2026-09-11T13:10,10,0,656.9,9,0,3,20.9
2026-09-11T13:23,10,0,657.9,9,0,3,21.1
2026-09-11T13:36,10,0,665.4,9,0,3,21.3
2026-09-11T14:00,10,1,658.7,9,0,3,21.5
2026-09-11T14:12,10,1,658.7,9,0,3,21.7
2026-09-11T14:25,10,1,658.0,9,0,3,21.9
2026-09-11T14:38,10,1,673.1,9,0,3,22.1
2026-09-11T14:52,10,1,663.0,9,0,3,22.2
2026-09-11T15:05,10,1,660.1,9,0,3,22.4
2026-09-11T15:18,10,1,656.2,9,0,3,22.6
2026-09-11T15:31,10,1,656.3,9,0,3,22.7
2026-09-11T15:44,10,1,657.7,9,0,3,22.9
2026-09-11T15:57,10,1,652.9,9,0,3,23.1
2026-09-11T16:09,10,1,661.4,9,0,3,23.2
2026-09-11T16:25,10,1,668.6,9,0,3,23.4
2026-09-11T16:38,10,1,657.9,9,0,3,23.6
2026-09-11T16:51,10,1,657.4,9,0,3,23.7
2026-09-11T17:04,10,1,665.2,9,0,3,23.9
2026-09-11T17:17,10,1,665.3,9,0,3,24.0
2026-09-11T17:30,10,1,670.8,9,0,3,24.2
2026-09-11T17:43,10,1,669.6,9,0,3,24.3
2026-09-11T17:57,10,1,659.3,9,0,3,24.4
2026-09-11T18:10,10,1,661.8,9,0,3,24.5
2026-09-11T18:23,10,1,658.1,9,0,3,24.7
2026-09-11T18:36,10,1,659.3,9,0,3,24.8
2026-09-11T18:49,10,1,663.7,9,0,3,24.9
2026-09-11T19:02,10,1,664.1,9,0,3,25.0
2026-09-11T19:15,10,1,659.2,9,0,3,25.0
2026-09-11T19:28,10,1,667.5,9,0,3,25.1
2026-09-11T19:41,10,1,671.2,9,0,3,25.2
2026-09-11T19:54,10,1,666.3,9,0,3,25.2
2026-09-11T20:07,10,1,669.3,9,0,3,25.3
2026-09-11T20:20,10,1,655.2,9,0,3,25.3
2026-09-11T20:33,10,1,654.5,9,0,3,25.3
2026-09-11T20:46,10,1,652.1,9,0,3,25.3
2026-09-11T20:59,10,1,652.1,9,0,3,25.3
2026-09-11T21:12,10,1,660.5,9,0,3,25.3
2026-09-11T21:25,10,1,661.2,9,0,3,25.3
2026-09-11T21:38,10,1,664.7,9,0,3,25.3
2026-09-12T06:00,11,0,657.9,9,0,3,20.2
2026-09-12T06:12,11,0,662.3,9,0,3,20.1
2026-09-12T06:26,11,0,662.7,9,0,3,20.0
2026-09-12T06:39,11,0,654.5,9,0,3,19.9
2026-09-12T06:51,11,0,657.7,9,0,3,19.8
2026-09-12T07:04,11,0,666.2,9,0,3,19.7
2026-09-12T07:18,11,0,659.8,9,0,3,19.7
2026-09-12T07:31,11,0,654.8,9,0,3,19.6
2026-09-12T07:43,11,0,657.9,9,0,3,19.5
2026-09-12T07:56,11,0,660.9,9,0,3,19.5
2026-09-12T08:09,11,0,650.8,9,0,3,19.4
2026-09-12T08:22,11,0,653.4,9,0,3,19.4
2026-09-12T08:35,11,0,657.5,9,0,3,19.4
2026-09-12T08:48,11,0,653.1,9,0,3,19.4
2026-09-12T09:01,11,0,655.6,9,0,3,19.4
2026-09-12T09:14,11,0,657.6,9,0,3,19.4
2026-09-12T09:27,11,0,656.2,9,0,3,19.4
2026-09-12T09:40,11,0,653.7,9,0,3,19.4
2026-09-12T09:53,11,0,656.7,9,0,3,19.5
2026-09-12T10:06,11,0,660.3,9,0,3,19.5
2026-09-12T10:19,11,0,658.4,9,0,3,19.6
2026-09-12T10:32,11,0,656.4,9,0,3,19.6
2026-09-12T10:45,11,0,656.0,9,0,3,19.7
2026-09-12T10:58,11,0,660.9,9,0,3,19.8
2026-09-12T11:11,11,0,657.2,9,0,3,19.9
2026-09-12T11:23,11,0,662.5,9,0,3,20.0
2026-09-12T11:37,11,0,657.5,9,0,3,20.1
2026-09-12T11:49,11,0,659.3,9,0,3,20.2
2026-09-12T12:02,11,0,655.9,9,0,3,20.3
2026-09-12T12:15,11,0,663.7,9,0,3,20.4
2026-09-12T12:28,11,0,659.8,9,0,3,20.5
2026-09-12T12:41,11,0,656.5,9,0,3,20.7
2026-09-12T12:54,11,0,662.6,9,0,3,20.8
2026-09-12T13:07,11,0,651.6,9,0,3,21.0
2026-09-12T13:20,11,0,656.7,9,0,3,21.1
2026-09-12T13:33,11,0,659.1,9,0,3,21.3
2026-09-12T14:00,11,1,667.7,9,0,3,21.6
2026-09-12T14:13,11,1,662.1,9,0,3,21.8
2026-09-12T14:26,11,1,671.2,9,0,3,22.0
2026-09-12T14:39,11,1,667.2,9,0,3,22.1
2026-09-12T14:52,11,1,656.8,9,0,3,22.3
2026-09-12T15:05,11,1,663.4,9,0,3,22.5
2026-09-12T15:18,11,1,662.2,9,0,3,22.6
2026-09-12T15:31,11,1,659.8,9,0,3,22.8
2026-09-12T15:44,11,1,656.6,9,0,3,23.0
2026-09-12T15:57,11,1,661.0,9,0,3,23.1
2026-09-12T16:10,11,1,654.7,9,0,3,23.3
2026-09-12T16:23,11,1,653.5,9,0,3,23.5
2026-09-12T16:36,11,1,660.3,9,0,3,23.6
2026-09-12T16:49,11,1,670.2,9,0,3,23.8
2026-09-12T17:02,11,1,667.5,9,0,3,23.9
2026-09-12T17:15,11,1,656.3,9,0,3,24.1
2026-09-12T17:28,11,1,668.3,9,0,3,24.2
2026-09-12T17:41,11,1,666.6,9,0,3,24.3
2026-09-12T17:54,11,1,664.0,9,0,3,24.5
2026-09-12T18:07,11,1,664.8,9,0,3,24.6
2026-09-12T18:20,11,1,660.2,9,0,3,24.7
2026-09-12T18:33,11,1,669.0,9,0,3,24.8
2026-09-12T18:47,11,1,663.3,9,0,3,24.9
2026-09-12T19:00,11,1,655.6,9,0,3,25.0
2026-09-12T19:13,11,1,653.8,9,0,3,25.1
2026-09-12T19:25,11,1,663.6,9,0,3,25.2
2026-09-12T19:38,11,1,663.3,9,0,3,25.2
2026-09-12T19:52,11,1,665.1,9,0,3,25.3
2026-09-12T20:05,11,1,662.2,9,0,3,25.3
2026-09-12T20:18,11,1,652.0,9,0,3,25.4
2026-09-12T20:31,11,1,656.9,9,0,3,25.4
2026-09-12T20:43,11,1,654.8,9,0,3,25.4
2026-09-12T20:56,11,1,659.7,9,0,3,25.4
2026-09-12T21:09,11,1,655.0,9,0,3,25.4
2026-09-12T21:22,11,1,661.0,9,0,3,25.4
2026-09-12T21:35,11,1,663.0,9,0,3,25.4
2026-09-13T06:00,12,0,660.2,9,0,3,20.3
2026-09-13T06:13,12,0,652.5,9,0,3,20.2
2026-09-13T06:25,12,0,657.5,9,0,3,20.1
2026-09-13T06:38,12,0,658.0,9,0,3,20.0
2026-09-13T06:51,12,0,662.2,9,0,3,19.9
2026-09-13T07:04,12,0,663.4,9,0,3,19.8
2026-09-13T07:17,12,0,658.3,9,0,3,19.7
2026-09-13T07:30,12,0,660.2,9,0,3,19.7
2026-09-13T07:43,12,0,664.4,9,0,3,19.6
2026-09-13T07:56,12,0,665.1,9,0,3,19.5
2026-09-13T08:10,12,0,661.5,9,0,3,19.5
2026-09-13T08:23,12,0,659.3,9,0,3,19.5
2026-09-13T08:36,12,0,658.3,9,0,3,19.4
2026-09-13T08:49,12,0,670.5,9,0,3,19.4
2026-09-13T09:02,12,0,668.2,9,0,3,19.4
2026-09-13T09:15,12,0,658.8,9,0,3,19.4
2026-09-13T09:28,12,0,658.4,9,0,3,19.5
2026-09-13T09:41,12,0,666.3,9,0,3,19.5
2026-09-13T09:54,12,0,646.9,9,0,3,19.5
2026-09-13T10:07,12,0,653.2,9,0,3,19.6
2026-09-13T10:20,12,0,660.9,9,0,3,19.6
2026-09-13T10:33,12,0,665.4,9,0,3,19.7
2026-09-13T10:46,12,0,660.1,9,0,3,19.8
2026-09-13T10:59,12,0,663.3,9,0,3,19.8
2026-09-13T11:12,12,0,663.8,9,0,3,19.9
2026-09-13T11:25,12,0,657.1,9,0,3,20.0
2026-09-13T11:38,12,0,655.8,9,0,3,20.1
2026-09-13T11:51,12,0,653.3,9,0,3,20.2
2026-09-13T12:04,12,0,664.0,9,0,3,20.4
2026-09-13T12:17,12,0,656.9,9,0,3,20.5
2026-09-13T12:30,12,0,658.8,9,0,3,20.6
2026-09-13T12:43,12,0,670.7,9,0,3,20.8
2026-09-13T12:56,12,0,654.9,9,0,3,20.9
2026-09-13T13:09,12,0,662.5,9,0,3,21.0
2026-09-13T13:22,12,0,664.2,9,0,3,21.2
2026-09-13T13:35,12,0,661.9,9,0,3,21.4
2026-09-13T14:00,12,1,662.8,9,0,3,21.7
2026-09-13T14:13,12,1,671.5,9,0,3,21.8
2026-09-13T14:26,12,1,667.0,9,0,3,22.0
2026-09-13T14:39,12,1,659.1,9,0,3,22.2
2026-09-13T14:52,12,1,663.2,9,0,3,22.3
2026-09-13T15:05,12,1,654.8,9,0,3,22.5
2026-09-13T15:18,12,1,665.2,9,0,3,22.7
2026-09-13T15:31,12,1,656.4,9,0,3,22.9
2026-09-13T15:44,12,1,655.4,9,0,3,23.0
2026-09-13T15:57,12,1,653.0,9,0,3,23.2
2026-09-13T16:10,12,1,666.5,9,0,3,23.3
2026-09-13T16:23,12,1,669.9,9,0,3,23.5
2026-09-13T16:36,12,1,664.2,9,0,3,23.7
2026-09-13T16:49,12,1,677.2,9,0,3,23.8
2026-09-13T17:02,12,1,658.4,9,0,3,24.0
2026-09-13T17:15,12,1,651.3,9,0,3,24.1
2026-09-13T17:28,12,1,661.6,9,0,3,24.3
2026-09-13T17:41,12,1,659.2,9,0,3,24.4
2026-09-13T17:54,12,1,670.0,9,0,3,24.5
2026-09-13T18:07,12,1,669.0,9,0,3,24.6
2026-09-13T18:20,12,1,665.4,9,0,3,24.8
2026-09-13T18:34,12,1,661.6,9,0,3,24.9
2026-09-13T18:47,12,1,658.2,9,0,3,25.0
2026-09-13T19:00,12,1,662.3,9,0,3,25.0
2026-09-13T19:13,12,1,665.7,9,0,3,25.1
2026-09-13T19:26,12,1,662.7,9,0,3,25.2
2026-09-13T19:39,12,1,657.2,9,0,3,25.3
2026-09-13T19:52,12,1,660.2,9,0,3,25.3
2026-09-13T20:05,12,1,663.5,9,0,3,25.4
2026-09-13T20:18,12,1,660.2,9,0,3,25.4
2026-09-13T20:31,12,1,671.7,9,0,3,25.4
2026-09-13T20:44,12,1,665.2,9,0,3,25.4
2026-09-13T20:57,12,1,652.1,9,0,3,25.5
2026-09-13T21:12,12,1,669.2,9,0,3,25.4
2026-09-13T21:26,12,1,661.1,9,0,3,25.4
2026-09-13T21:39,12,1,661.7,9,0,3,25.4
2026-09-14T06:00,13,0,661.1,9,0,3,20.3
2026-09-14T06:13,13,0,653.1,9,0,3,20.2
2026-09-14T06:25,13,0,668.7,9,0,3,20.1
2026-09-14T06:39,13,0,671.3,9,0,3,20.0
2026-09-14T06:52,13,0,657.6,9,0,3,19.9
2026-09-14T07:05,13,0,663.4,9,0,3,19.8
2026-09-14T07:18,13,0,669.4,9,0,3,19.8
2026-09-14T07:31,13,0,660.3,9,0,3,19.7
2026-09-14T07:44,13,0,652.4,9,0,3,19.6
2026-09-14T07:57,13,0,662.6,9,0,3,19.6
2026-09-14T08:10,13,0,660.7,9,0,3,19.5
2026-09-14T08:23,13,0,662.3,9,0,3,19.5
2026-09-14T08:40,13,0,667.6,9,0,3,19.5
2026-09-14T08:53,13,0,660.5,9,0,3,19.5
2026-09-14T09:06,13,0,659.5,9,0,3,19.5
2026-09-14T09:19,13,0,649.4,9,0,3,19.5
2026-09-14T09:32,13,0,664.3,9,0,3,19.5
2026-09-14T09:45,13,0,670.1,9,0,3,19.5
2026-09-14T09:58,13,0,667.2,9,0,3,19.6
2026-09-14T10:12,13,0,660.8,9,0,3,19.6
2026-09-14T10:25,13,0,670.8,9,0,3,19.7
2026-09-14T10:38,13,0,659.6,9,0,3,19.7
2026-09-14T10:51,13,0,660.9,9,0,3,19.8
2026-09-14T11:04,13,0,656.6,9,0,3,19.9
2026-09-14T11:17,13,0,663.5,9,0,3,20.0
2026-09-14T11:30,13,0,669.5,9,0,3,20.1
2026-09-14T11:43,13,0,664.4,9,0,3,20.2
2026-09-14T11:56,13,0,662.6,9,0,3,20.3
2026-09-14T12:09,13,0,671.6,9,0,3,20.4
2026-09-14T12:22,13,0,669.3,9,0,3,20.6
2026-09-14T12:35,13,0,664.5,9,0,3,20.7
2026-09-14T12:49,13,0,655.1,9,0,3,20.9
2026-09-14T13:01,13,0,668.9,9,0,3,21.0
2026-09-14T13:15,13,0,663.0,9,0,3,21.2
2026-09-14T13:28,13,0,670.4,9,0,3,21.3
2026-09-14T13:41,13,0,670.2,9,0,3,21.5
2026-09-14T14:00,13,1,661.7,9,0,3,21.7
2026-09-14T14:13,13,1,650.4,9,0,3,21.9
2026-09-14T14:25,13,1,663.8,9,0,3,22.0
2026-09-14T14:38,13,1,669.0,9,0,3,22.2
2026-09-14T14:52,13,1,669.5,9,0,3,22.4
2026-09-14T15:05,13,1,661.1,9,0,3,22.5
2026-09-14T15:18,13,1,665.8,9,0,3,22.7
2026-09-14T15:31,13,1,669.0,9,0,3,22.9
2026-09-14T15:44,13,1,665.0,9,0,3,23.1
2026-09-14T15:57,13,1,667.5,9,0,3,23.2
2026-09-14T16:10,13,1,666.7,9,0,3,23.4
2026-09-14T16:23,13,1,664.9,9,0,3,23.6
2026-09-14T16:36,13,1,657.4,9,0,3,23.7
2026-09-14T16:49,13,1,665.7,9,0,3,23.9
2026-09-14T17:02,13,1,669.1,9,0,3,24.0
2026-09-14T17:16,13,1,668.3,9,0,3,24.2
2026-09-14T17:29,13,1,660.7,9,0,3,24.3
2026-09-14T17:42,13,1,663.9,9,0,3,24.4
2026-09-14T17:55,13,1,669.1,9,0,3,24.6
2026-09-14T18:08,13,1,664.2,9,0,3,24.7
2026-09-14T18:21,13,1,663.5,9,0,3,24.8
2026-09-14T18:34,13,1,669.1,9,0,3,24.9
2026-09-14T18:47,13,1,664.4,9,0,3,25.0
2026-09-14T19:00,13,1,658.0,9,0,3,25.1
2026-09-14T19:13,13,1,671.6,9,0,3,25.2
2026-09-14T19:26,13,1,671.1,9,0,3,25.2
2026-09-14T19:40,13,1,656.4,9,0,3,25.3
2026-09-14T19:53,13,1,669.1,9,0,3,25.4
2026-09-14T20:06,13,1,670.9,9,0,3,25.4
2026-09-14T20:19,13,1,669.9,9,0,3,25.4
2026-09-14T20:32,13,1,668.9,9,0,3,25.5
2026-09-14T20:45,13,1,674.0,9,0,3,25.5
2026-09-14T20:58,13,1,663.5,9,0,3,25.5
2026-09-14T21:12,13,1,666.7,9,0,3,25.5
2026-09-14T21:25,13,1,668.9,9,0,3,25.5
2026-09-14T21:38,13,1,674.6,9,0,3,25.4
2026-09-15T06:00,14,0,667.4,9,0,3,20.4
2026-09-15T06:13,14,0,660.0,9,0,3,20.3
2026-09-15T06:26,14,0,657.1,9,0,3,20.1
2026-09-15T06:39,14,0,667.8,9,0,3,20.0
2026-09-15T06:52,14,0,662.5,9,0,3,19.9
2026-09-15T07:05,14,0,668.9,9,0,3,19.9
2026-09-15T07:18,14,0,667.6,9,0,3,19.8
2026-09-15T07:31,14,0,664.6,9,0,3,19.7
2026-09-15T07:44,14,0,668.3,9,0,3,19.7
2026-09-15T07:57,14,0,660.2,9,0,3,19.6
2026-09-15T08:10,14,0,665.3,9,0,3,19.6
2026-09-15T08:23,14,0,652.6,9,0,3,19.5
2026-09-15T08:36,14,0,664.5,9,0,3,19.5
2026-09-15T08:49,14,0,658.6,9,0,3,19.5
2026-09-15T09:02,14,0,668.4,9,0,3,19.5
2026-09-15T09:15,14,0,667.6,9,0,3,19.5
2026-09-15T09:29,14,0,661.8,9,0,3,19.5
2026-09-15T09:42,14,0,664.6,9,0,3,19.5
2026-09-15T09:55,14,0,667.8,9,0,3,19.6
2026-09-15T10:08,14,0,664.2,9,0,3,19.6
2026-09-15T10:21,14,0,667.1,9,0,3,19.7
2026-09-15T10:34,14,0,656.0,9,0,3,19.7
2026-09-15T10:47,14,0,657.2,9,0,3,19.8
2026-09-15T11:00,14,0,661.5,9,0,3,19.9
2026-09-15T11:13,14,0,661.5,9,0,3,20.0
2026-09-15T11:26,14,0,660.7,9,0,3,20.1
2026-09-15T11:39,14,0,673.7,9,0,3,20.2
2026-09-15T11:52,14,0,662.8,9,0,3,20.3
2026-09-15T12:05,14,0,683.1,9,0,3,20.4
2026-09-15T12:19,14,0,669.6,9,0,3,20.6
2026-09-15T12:32,14,0,664.5,9,0,3,20.7
2026-09-15T12:45,14,0,658.0,9,0,3,20.8
2026-09-15T12:58,14,0,664.2,9,0,3,21.0
2026-09-15T13:11,14,0,675.3,9,0,3,21.1
2026-09-15T13:24,14,0,675.5,9,0,3,21.3
2026-09-15T13:37,14,0,662.7,9,0,3,21.4
2026-09-15T14:00,14,1,671.2,9,0,3,21.7
2026-09-15T14:13,14,1,674.9,9,0,3,21.9
2026-09-15T14:26,14,1,664.6,9,0,3,22.1
2026-09-15T14:39,14,1,669.1,9,0,3,22.2
2026-09-15T14:52,14,1,665.9,9,0,3,22.4
2026-09-15T15:05,14,1,663.8,9,0,3,22.6
2026-09-15T15:18,14,1,673.2,9,0,3,22.7
2026-09-15T15:32,14,1,671.6,9,0,3,22.9
2026-09-15T15:45,14,1,662.0,9,0,3,23.1
2026-09-15T15:58,14,1,658.1,9,0,3,23.3
2026-09-15T16:11,14,1,668.9,9,0,3,23.4
2026-09-15T16:24,14,1,664.6,9,0,3,23.6
2026-09-15T16:37,14,1,673.7,9,0,3,23.7
2026-09-15T16:50,14,1,672.4,9,0,3,23.9
2026-09-15T17:03,14,1,667.7,9,0,3,24.0
2026-09-15T17:17,14,1,672.4,9,0,3,24.2
2026-09-15T17:30,14,1,679.2,9,0,3,24.3
2026-09-15T17:43,14,1,675.0,9,0,3,24.5
2026-09-15T17:56,14,1,674.1,9,0,3,24.6
2026-09-15T18:10,14,1,665.2,9,0,3,24.7
2026-09-15T18:23,14,1,668.7,9,0,3,24.8
2026-09-15T18:36,14,1,671.7,9,0,3,24.9
2026-09-15T18:49,14,1,667.0,9,0,3,25.0
2026-09-15T19:02,14,1,661.8,9,0,3,25.1
2026-09-15T19:15,14,1,671.8,9,0,3,25.2
2026-09-15T19:28,14,1,663.9,9,0,3,25.3
2026-09-15T19:41,14,1,667.4,9,0,3,25.3
2026-09-15T19:55,14,1,669.8,9,0,3,25.4
2026-09-15T20:08,14,1,664.7,9,0,3,25.4
2026-09-15T20:21,14,1,672.9,9,0,3,25.5
2026-09-15T20:34,14,1,664.4,9,0,3,25.5
2026-09-15T20:47,14,1,665.3,9,0,3,25.5
2026-09-15T21:00,14,1,664.0,9,0,3,25.5
2026-09-15T21:13,14,1,677.7,9,0,3,25.5
2026-09-15T21:26,14,1,678.0,9,0,3,25.5
2026-09-15T21:40,14,1,665.2,9,0,3,25.5
2026-09-16T06:00,15,0,645.6,9,0,3,20.4
2026-09-16T06:12,15,0,642.2,9,0,3,20.3
2026-09-16T06:25,15,0,647.0,9,0,3,20.2
2026-09-16T06:38,15,0,634.4,9,0,3,20.1
2026-09-16T06:50,15,0,647.6,9,0,3,20.0
2026-09-16T07:03,15,0,647.5,9,0,3,19.9
2026-09-16T07:16,15,0,642.1,9,0,3,19.8
2026-09-16T07:29,15,0,640.9,9,0,3,19.7
2026-09-16T07:41,15,0,647.4,9,0,3,19.7
2026-09-16T07:54,15,0,646.2,9,0,3,19.6
2026-09-16T08:07,15,0,638.9,9,0,3,19.6
2026-09-16T08:19,15,0,646.1,9,0,3,19.5
2026-09-16T08:32,15,0,644.5,9,0,3,19.5
2026-09-16T08:45,15,0,650.8,9,0,3,19.5
2026-09-16T08:58,15,0,645.3,9,0,3,19.5
2026-09-16T09:11,15,0,641.2,9,0,3,19.5
2026-09-16T09:23,15,0,654.8,9,0,3,19.5
2026-09-16T09:36,15,0,647.8,9,0,3,19.5
2026-09-16T09:49,15,0,649.3,9,0,3,19.6
2026-09-16T10:02,15,0,646.3,9,0,3,19.6
2026-09-16T10:15,15,0,651.3,9,0,3,19.7
2026-09-16T10:27,15,0,638.6,9,0,3,19.7
2026-09-16T10:40,15,0,641.6,9,0,3,19.8
2026-09-16T10:53,15,0,644.6,9,0,3,19.9
2026-09-16T11:06,15,0,649.9,9,0,3,19.9
2026-09-16T11:18,15,0,654.8,9,0,3,20.0
2026-09-16T11:31,15,0,657.2,9,0,3,20.1
2026-09-16T11:44,15,0,641.3,9,0,3,20.2
2026-09-16T11:57,15,0,640.3,9,0,3,20.4
2026-09-16T12:10,15,0,656.9,9,0,3,20.5
2026-09-16T12:23,15,0,641.5,9,0,3,20.6
2026-09-16T12:35,15,0,651.0,9,0,3,20.7
2026-09-16T12:48,15,0,644.8,9,0,3,20.9
2026-09-16T13:01,15,0,638.9,9,0,3,21.0
2026-09-16T13:13,15,0,646.9,9,0,3,21.2
2026-09-16T13:26,15,0,658.8,9,0,3,21.3
2026-09-16T13:39,15,0,639.1,9,0,3,21.5
2026-09-16T14:00,15,1,650.9,9,0,3,21.7
2026-09-16T14:12,15,1,649.6,9,0,3,21.9
2026-09-16T14:25,15,1,649.4,9,0,3,22.1
2026-09-16T14:38,15,1,650.0,9,0,3,22.2
2026-09-16T14:51,15,1,652.9,9,0,3,22.4
2026-09-16T15:04,15,1,655.0,9,0,3,22.6
2026-09-16T15:17,15,1,642.2,9,0,3,22.7
2026-09-16T15:29,15,1,632.1,9,0,3,22.9
2026-09-16T15:42,15,1,653.5,9,0,3,23.1
2026-09-16T15:55,15,1,638.2,9,0,3,23.2
2026-09-16T16:07,15,1,647.0,9,0,3,23.4
2026-09-16T16:20,15,1,640.6,9,0,3,23.5
2026-09-16T16:33,15,1,652.5,9,0,3,23.7
2026-09-16T16:46,15,1,643.0,9,0,3,23.8
2026-09-16T16:58,15,1,640.4,9,0,3,24.0
2026-09-16T17:11,15,1,652.6,9,0,3,24.1
2026-09-16T17:24,15,1,645.7,9,0,3,24.3
2026-09-16T17:37,15,1,644.5,9,0,3,24.4
2026-09-16T17:49,15,1,647.0,9,0,3,24.5
2026-09-16T18:02,15,1,651.9,9,0,3,24.6
2026-09-16T18:15,15,1,642.8,9,0,3,24.8
2026-09-16T18:28,15,1,652.2,9,0,3,24.9
2026-09-16T18:41,15,1,646.7,9,0,3,25.0
2026-09-16T18:54,15,1,656.1,9,0,3,25.1
2026-09-16T19:06,15,1,658.0,9,0,3,25.1
2026-09-16T19:19,15,1,656.7,9,0,3,25.2
2026-09-16T19:32,15,1,642.3,9,0,3,25.3
2026-09-16T19:45,15,1,645.0,9,0,3,25.3
2026-09-16T19:58,15,1,656.5,9,0,3,25.4
2026-09-16T20:11,15,1,652.8,9,0,3,25.4
2026-09-16T20:24,15,1,642.3,9,0,3,25.5
2026-09-16T20:36,15,1,641.5,9,0,3,25.5
2026-09-16T20:49,15,1,651.6,9,0,3,25.5
2026-09-16T21:02,15,1,645.3,9,0,3,25.5
2026-09-16T21:15,15,1,653.8,9,0,3,25.5
2026-09-16T21:28,15,1,661.7,9,0,3,25.5
2026-09-16T21:41,15,1,645.6,9,0,3,25.4
2026-09-17T06:00,16,0,656.8,9,0,3,20.4
2026-09-17T06:12,16,0,654.7,9,0,3,20.3
2026-09-17T06:25,16,0,643.2,9,0,3,20.1
2026-09-17T06:38,16,0,653.6,9,0,3,20.0
2026-09-17T06:51,16,0,647.2,9,0,3,20.0
2026-09-17T07:04,16,0,648.8,9,0,3,19.9
2026-09-17T07:17,16,0,648.8,9,0,3,19.8
2026-09-17T07:29,16,0,650.6,9,0,3,19.7
2026-09-17T07:42,16,0,643.9,9,0,3,19.7
2026-09-17T07:55,16,0,645.5,9,0,3,19.6
2026-09-17T08:08,16,0,659.2,9,0,3,19.6
2026-09-17T08:21,16,0,639.2,9,0,3,19.5
2026-09-17T08:33,16,0,650.6,9,0,3,19.5
2026-09-17T08:46,16,0,645.5,9,0,3,19.5
2026-09-17T08:59,16,0,647.8,9,0,3,19.5
2026-09-17T09:12,16,0,648.4,9,0,3,19.5
2026-09-17T09:25,16,0,653.3,9,0,3,19.5
2026-09-17T09:37,16,0,650.9,9,0,3,19.5
2026-09-17T09:50,16,0,651.3,9,0,3,19.6
2026-09-17T10:03,16,0,643.4,9,0,3,19.6
2026-09-17T10:16,16,0,650.9,9,0,3,19.7
2026-09-17T10:29,16,0,646.9,9,0,3,19.7
2026-09-17T10:42,16,0,652.0,9,0,3,19.8
2026-09-17T10:54,16,0,649.5,9,0,3,19.9
2026-09-17T11:07,16,0,647.5,9,0,3,19.9
2026-09-17T11:20,16,0,646.8,9,0,3,20.0
2026-09-17T11:33,16,0,651.6,9,0,3,20.1
2026-09-17T11:46,16,0,656.5,9,0,3,20.2
2026-09-17T11:59,16,0,651.1,9,0,3,20.4
2026-09-17T12:11,16,0,650.7,9,0,3,20.5
2026-09-17T12:24,16,0,641.8,9,0,3,20.6
2026-09-17T12:37,16,0,649.8,9,0,3,20.7
2026-09-17T12:50,16,0,653.7,9,0,3,20.9
2026-09-17T13:03,16,0,640.4,9,0,3,21.0
2026-09-17T13:15,16,0,645.2,9,0,3,21.2
2026-09-17T13:28,16,0,651.2,9,0,3,21.3
2026-09-17T13:41,16,0,645.7,9,0,3,21.5
2026-09-17T14:00,16,1,647.9,9,0,3,21.7
2026-09-17T14:12,16,1,651.8,9,0,3,21.9
2026-09-17T14:25,16,1,643.4,9,0,3,22.0
2026-09-17T14:38,16,1,660.9,9,0,3,22.2
2026-09-17T14:51,16,1,648.9,9,0,3,22.4
2026-09-17T15:04,16,1,650.0,9,0,3,22.5
2026-09-17T15:17,16,1,648.7,9,0,3,22.7
2026-09-17T15:29,16,1,643.7,9,0,3,22.9
2026-09-17T15:42,16,1,655.7,9,0,3,23.0
2026-09-17T15:55,16,1,644.8,9,0,3,23.2
2026-09-17T16:08,16,1,650.7,9,0,3,23.4
2026-09-17T16:21,16,1,642.1,9,0,3,23.5
2026-09-17T16:33,16,1,640.4,9,0,3,23.7
2026-09-17T16:46,16,1,648.4,9,0,3,23.8
2026-09-17T16:59,16,1,644.9,9,0,3,24.0
2026-09-17T17:12,16,1,643.6,9,0,3,24.1
2026-09-17T17:24,16,1,645.7,9,0,3,24.3
2026-09-17T17:37,16,1,650.0,9,0,3,24.4
2026-09-17T17:50,16,1,640.7,9,0,3,24.5
2026-09-17T18:03,16,1,657.4,9,0,3,24.6
2026-09-17T18:16,16,1,652.4,9,0,3,24.7
2026-09-17T18:28,16,1,655.8,9,0,3,24.9
2026-09-17T18:41,16,1,654.6,9,0,3,25.0
2026-09-17T18:54,16,1,639.1,9,0,3,25.0
2026-09-17T19:07,16,1,656.8,9,0,3,25.1
2026-09-17T19:20,16,1,645.5,9,0,3,25.2
2026-09-17T19:33,16,1,651.6,9,0,3,25.3
2026-09-17T19:45,16,1,650.9,9,0,3,25.3
2026-09-17T19:58,16,1,649.5,9,0,3,25.4
2026-09-17T20:14,16,1,650.2,9,0,3,25.4
2026-09-17T20:27,16,1,645.7,9,0,3,25.4
2026-09-17T20:40,16,1,657.6,9,0,3,25.5
2026-09-17T20:53,16,1,652.3,9,0,3,25.5
2026-09-17T21:06,16,1,649.3,9,0,3,25.5
2026-09-17T21:18,16,1,647.4,9,0,3,25.5
2026-09-17T21:31,16,1,662.5,9,0,3,25.4
2026-09-17T21:44,16,1,653.0,9,0,3,25.4
2026-09-18T06:00,17,0,643.5,9,0,3,20.3
2026-09-18T06:12,17,0,655.3,9,0,3,20.2
2026-09-18T06:25,17,0,646.9,9,0,3,20.1
2026-09-18T06:38,17,0,657.1,9,0,3,20.0
2026-09-18T06:51,17,0,649.5,9,0,3,19.9
2026-09-18T07:04,17,0,655.6,9,0,3,19.8
2026-09-18T07:17,17,0,644.8,9,0,3,19.8
2026-09-18T07:29,17,0,651.0,9,0,3,19.7
2026-09-18T07:42,17,0,655.4,9,0,3,19.6
2026-09-18T07:55,17,0,651.7,9,0,3,19.6
2026-09-18T08:08,17,0,646.7,9,0,3,19.5
2026-09-18T08:21,17,0,652.5,9,0,3,19.5
2026-09-18T08:34,17,0,652.3,9,0,3,19.5
2026-09-18T08:47,17,0,654.5,9,0,3,19.5
2026-09-18T08:59,17,0,658.2,9,0,3,19.5
2026-09-18T09:12,17,0,664.4,9,0,3,19.5
2026-09-18T09:25,17,0,643.2,9,0,3,19.5
2026-09-18T09:38,17,0,650.5,9,0,3,19.5
2026-09-18T09:51,17,0,641.1,9,0,3,19.5
2026-09-18T10:04,17,0,647.8,9,0,3,19.6
2026-09-18T10:17,17,0,649.9,9,0,3,19.6
2026-09-18T10:29,17,0,645.0,9,0,3,19.7
2026-09-18T10:42,17,0,651.9,9,0,3,19.8
2026-09-18T10:55,17,0,642.9,9,0,3,19.8
2026-09-18T11:08,17,0,646.7,9,0,3,19.9
2026-09-18T11:20,17,0,643.3,9,0,3,20.0
2026-09-18T11:33,17,0,645.7,9,0,3,20.1
2026-09-18T11:46,17,0,654.2,9,0,3,20.2
2026-09-18T11:59,17,0,651.9,9,0,3,20.3
2026-09-18T12:12,17,0,645.9,9,0,3,20.5
2026-09-18T12:24,17,0,647.5,9,0,3,20.6
2026-09-18T12:37,17,0,652.9,9,0,3,20.7
2026-09-18T12:50,17,0,637.6,9,0,3,20.9
2026-09-18T13:03,17,0,645.0,9,0,3,21.0
2026-09-18T13:16,17,0,651.6,9,0,3,21.1
2026-09-18T13:28,17,0,647.6,9,0,3,21.3
2026-09-18T13:41,17,0,647.1,9,0,3,21.5
2026-09-18T14:00,17,1,652.5,9,0,3,21.7
2026-09-18T14:12,17,1,657.7,9,0,3,21.8
2026-09-18T14:25,17,1,651.2,9,0,3,22.0
2026-09-18T14:38,17,1,653.2,9,0,3,22.2
2026-09-18T14:51,17,1,660.9,9,0,3,22.3
2026-09-18T15:04,17,1,653.3,9,0,3,22.5
2026-09-18T15:17,17,1,649.6,9,0,3,22.7
2026-09-18T15:30,17,1,646.9,9,0,3,22.8
2026-09-18T15:43,17,1,661.3,9,0,3,23.0
2026-09-18T15:56,17,1,640.4,9,0,3,23.2
2026-09-18T16:08,17,1,651.4,9,0,3,23.3
2026-09-18T16:21,17,1,655.1,9,0,3,23.5
2026-09-18T16:34,17,1,644.1,9,0,3,23.7
2026-09-18T16:47,17,1,660.6,9,0,3,23.8
2026-09-18T17:00,17,1,655.2,9,0,3,24.0
2026-09-18T17:13,17,1,647.4,9,0,3,24.1
2026-09-18T17:26,17,1,649.4,9,0,3,24.2
2026-09-18T17:38,17,1,650.1,9,0,3,24.4
2026-09-18T17:51,17,1,651.6,9,0,3,24.5
2026-09-18T18:04,17,1,647.3,9,0,3,24.6
2026-09-18T18:17,17,1,661.2,9,0,3,24.7
2026-09-18T18:30,17,1,654.6,9,0,3,24.8
2026-09-18T18:43,17,1,659.8,9,0,3,24.9
2026-09-18T18:56,17,1,652.1,9,0,3,25.0
2026-09-18T19:09,17,1,658.4,9,0,3,25.1
2026-09-18T19:22,17,1,653.0,9,0,3,25.2
2026-09-18T19:34,17,1,663.4,9,0,3,25.2
2026-09-18T19:48,17,1,662.3,9,0,3,25.3
2026-09-18T20:01,17,1,663.0,9,0,3,25.3
2026-09-18T20:14,17,1,643.9,9,0,3,25.4
2026-09-18T20:26,17,1,656.5,9,0,3,25.4
2026-09-18T20:39,17,1,651.3,9,0,3,25.4
2026-09-18T20:52,17,1,658.1,9,0,3,25.4
2026-09-18T21:05,17,1,650.3,9,0,3,25.4
2026-09-18T21:18,17,1,654.0,9,0,3,25.4
2026-09-18T21:31,17,1,647.9,9,0,3,25.4
2026-09-18T21:44,17,1,657.6,9,0,3,25.4
2026-09-19T06:00,18,0,654.6,9,0,3,20.3
2026-09-19T06:12,18,0,649.7,9,0,3,20.2
2026-09-19T06:25,18,0,655.1,9,0,3,20.1
2026-09-19T06:38,18,0,653.2,9,0,3,20.0
2026-09-19T06:51,18,0,640.4,9,0,3,19.9
2026-09-19T07:04,18,0,648.2,9,0,3,19.8
2026-09-19T07:17,18,0,657.7,9,0,3,19.7
2026-09-19T07:29,18,0,650.8,9,0,3,19.7
2026-09-19T07:42,18,0,646.4,9,0,3,19.6
2026-09-19T07:55,18,0,637.9,9,0,3,19.5
2026-09-19T08:08,18,0,650.7,9,0,3,19.5
2026-09-19T08:21,18,0,653.7,9,0,3,19.5
2026-09-19T08:33,18,0,650.3,9,0,3,19.4
2026-09-19T08:46,18,0,649.7,9,0,3,19.4
2026-09-19T08:59,18,0,661.0,9,0,3,19.4
2026-09-19T09:12,18,0,653.3,9,0,3,19.4
2026-09-19T09:25,18,0,644.9,9,0,3,19.4
2026-09-19T09:38,18,0,653.0,9,0,3,19.5
2026-09-19T09:51,18,0,657.7,9,0,3,19.5
2026-09-19T10:04,18,0,643.7,9,0,3,19.5
2026-09-19T10:16,18,0,656.5,9,0,3,19.6
2026-09-19T10:29,18,0,647.4,9,0,3,19.6
2026-09-19T10:42,18,0,652.3,9,0,3,19.7
2026-09-19T10:55,18,0,659.8,9,0,3,19.8
2026-09-19T11:08,18,0,655.7,9,0,3,19.9
2026-09-19T11:21,18,0,655.3,9,0,3,20.0
2026-09-19T11:34,18,0,652.6,9,0,3,20.1
2026-09-19T11:47,18,0,654.5,9,0,3,20.2
2026-09-19T12:00,18,0,647.9,9,0,3,20.3
2026-09-19T12:12,18,0,665.6,9,0,3,20.4
2026-09-19T12:25,18,0,649.1,9,0,3,20.5
2026-09-19T12:38,18,0,640.3,9,0,3,20.7
2026-09-19T12:51,18,0,653.1,9,0,3,20.8
2026-09-19T13:04,18,0,653.1,9,0,3,21.0
2026-09-19T13:17,18,0,647.7,9,0,3,21.1
2026-09-19T13:30,18,0,653.1,9,0,3,21.3
2026-09-19T13:42,18,0,657.2,9,0,3,21.4
2026-09-19T14:00,18,1,651.5,9,0,3,21.6
2026-09-19T14:12,18,1,655.4,9,0,3,21.8
2026-09-19T14:25,18,1,652.3,9,0,3,22.0
2026-09-19T14:38,18,1,659.7,9,0,3,22.1
2026-09-19T14:51,18,1,651.8,9,0,3,22.3
2026-09-19T15:04,18,1,653.7,9,0,3,22.5
2026-09-19T15:17,18,1,653.4,9,0,3,22.6
2026-09-19T15:30,18,1,657.4,9,0,3,22.8
2026-09-19T15:43,18,1,658.5,9,0,3,23.0
2026-09-19T15:56,18,1,647.5,9,0,3,23.1
2026-09-19T16:09,18,1,655.3,9,0,3,23.3
2026-09-19T16:21,18,1,657.5,9,0,3,23.5
2026-09-19T16:34,18,1,647.6,9,0,3,23.6
2026-09-19T16:47,18,1,658.7,9,0,3,23.8
2026-09-19T17:00,18,1,649.0,9,0,3,23.9
2026-09-19T17:13,18,1,655.3,9,0,3,24.1
2026-09-19T17:28,18,1,670.3,9,0,3,24.2
2026-09-19T17:41,18,1,661.7,9,0,3,24.3
2026-09-19T17:54,18,1,654.5,9,0,3,24.5
2026-09-19T18:07,18,1,662.4,9,0,3,24.6
2026-09-19T18:20,18,1,657.3,9,0,3,24.7
2026-09-19T18:33,18,1,659.6,9,0,3,24.8
2026-09-19T18:46,18,1,662.8,9,0,3,24.9
2026-09-19T18:59,18,1,664.9,9,0,3,25.0
2026-09-19T19:12,18,1,656.3,9,0,3,25.1
2026-09-19T19:25,18,1,662.8,9,0,3,25.1
2026-09-19T19:38,18,1,657.4,9,0,3,25.2
2026-09-19T19:51,18,1,651.9,9,0,3,25.3
2026-09-19T20:04,18,1,657.9,9,0,3,25.3
2026-09-19T20:17,18,1,660.1,9,0,3,25.3
2026-09-19T20:30,18,1,665.4,9,0,3,25.4
2026-09-19T20:43,18,1,665.6,9,0,3,25.4
2026-09-19T20:56,18,1,659.2,9,0,3,25.4
2026-09-19T21:09,18,1,658.3,9,0,3,25.4
2026-09-19T21:22,18,1,646.7,9,0,3,25.4
2026-09-19T21:35,18,1,662.5,9,0,3,25.4
2026-09-20T06:00,19,0,655.5,9,0,3,20.2
2026-09-20T06:12,19,0,663.2,9,0,3,20.1
2026-09-20T06:25,19,0,649.4,9,0,3,20.0
2026-09-20T06:38,19,0,647.7,9,0,3,19.9
2026-09-20T06:51,19,0,660.5,9,0,3,19.8
2026-09-20T07:04,19,0,659.7,9,0,3,19.7
2026-09-20T07:17,19,0,653.0,9,0,3,19.7
2026-09-20T07:30,19,0,658.1,9,0,3,19.6
2026-09-20T07:43,19,0,658.9,9,0,3,19.5
2026-09-20T07:56,19,0,658.6,9,0,3,19.5
2026-09-20T08:09,19,0,663.4,9,0,3,19.4
2026-09-20T08:22,19,0,653.6,9,0,3,19.4
2026-09-20T08:35,19,0,650.8,9,0,3,19.4
2026-09-20T08:48,19,0,667.8,9,0,3,19.4
2026-09-20T09:01,19,0,655.2,9,0,3,19.4
2026-09-20T09:14,19,0,646.4,9,0,3,19.4
2026-09-20T09:27,19,0,655.7,9,0,3,19.4
2026-09-20T09:39,19,0,659.2,9,0,3,19.4
2026-09-20T09:52,19,0,663.0,9,0,3,19.4
2026-09-20T10:08,19,0,650.9,9,0,3,19.5
2026-09-20T10:21,19,0,657.3,9,0,3,19.5
2026-09-20T10:34,19,0,654.7,9,0,3,19.6
2026-09-20T10:47,19,0,656.3,9,0,3,19.7
2026-09-20T11:00,19,0,660.7,9,0,3,19.8
2026-09-20T11:13,19,0,663.5,9,0,3,19.9
2026-09-20T11:26,19,0,658.4,9,0,3,19.9
2026-09-20T11:39,19,0,662.6,9,0,3,20.1
2026-09-20T11:52,19,0,658.8,9,0,3,20.2
2026-09-20T12:05,19,0,648.7,9,0,3,20.3
2026-09-20T12:18,19,0,654.9,9,0,3,20.4
2026-09-20T12:31,19,0,651.9,9,0,3,20.5
2026-09-20T12:44,19,0,650.0,9,0,3,20.7
2026-09-20T13:01,19,0,658.7,9,0,3,20.9
2026-09-20T13:14,19,0,647.0,9,0,3,21.0
2026-09-20T13:26,19,0,652.5,9,0,3,21.2
2026-09-20T13:39,19,0,658.8,9,0,3,21.3
2026-09-20T14:00,19,1,646.8,9,0,3,21.6
2026-09-20T14:12,19,1,665.1,9,0,3,21.7
2026-09-20T14:25,19,1,660.5,9,0,3,21.9
2026-09-20T14:38,19,1,660.9,9,0,3,22.1
2026-09-20T14:51,19,1,655.2,9,0,3,22.2
2026-09-20T15:04,19,1,651.1,9,0,3,22.4
2026-09-20T15:17,19,1,666.9,9,0,3,22.6
2026-09-20T15:30,19,1,654.9,9,0,3,22.7
2026-09-20T15:43,19,1,656.7,9,0,3,22.9
2026-09-20T15:56,19,1,651.7,9,0,3,23.1
2026-09-20T16:09,19,1,653.3,9,0,3,23.2
2026-09-20T16:22,19,1,650.8,9,0,3,23.4
2026-09-20T16:35,19,1,657.6,9,0,3,23.6
2026-09-20T16:48,19,1,659.9,9,0,3,23.7
2026-09-20T17:01,19,1,667.3,9,0,3,23.9
2026-09-20T17:14,19,1,660.9,9,0,3,24.0
2026-09-20T17:27,19,1,659.8,9,0,3,24.1
2026-09-20T17:40,19,1,661.7,9,0,3,24.3
2026-09-20T17:53,19,1,667.5,9,0,3,24.4
2026-09-20T18:06,19,1,665.1,9,0,3,24.5
2026-09-20T18:19,19,1,668.5,9,0,3,24.6
2026-09-20T18:32,19,1,658.7,9,0,3,24.7
2026-09-20T18:45,19,1,662.5,9,0,3,24.8
2026-09-20T18:58,19,1,662.5,9,0,3,24.9
2026-09-20T19:11,19,1,663.1,9,0,3,25.0
2026-09-20T19:24,19,1,661.2,9,0,3,25.1
2026-09-20T19:37,19,1,667.6,9,0,3,25.1
2026-09-20T19:50,19,1,669.4,9,0,3,25.2
2026-09-20T20:04,19,1,662.5,9,0,3,25.2
2026-09-20T20:17,19,1,666.4,9,0,3,25.3
2026-09-20T20:30,19,1,664.0,9,0,3,25.3
2026-09-20T20:43,19,1,660.5,9,0,3,25.3
2026-09-20T20:56,19,1,660.4,9,0,3,25.3
2026-09-20T21:09,19,1,656.8,9,0,3,25.3
2026-09-20T21:22,19,1,654.9,9,0,3,25.3
2026-09-20T21:35,19,1,664.9,9,0,3,25.3
2026-09-21T06:00,20,0,663.7,9,0,3,20.2
2026-09-21T06:13,20,0,666.3,9,0,3,20.1
2026-09-21T06:26,20,0,656.6,9,0,3,19.9
2026-09-21T06:39,20,0,655.1,9,0,3,19.8
2026-09-21T06:52,20,0,667.6,9,0,3,19.8
2026-09-21T07:08,20,0,666.9,9,0,3,19.6
2026-09-21T07:21,20,0,662.1,9,0,3,19.6
2026-09-21T07:34,20,0,654.9,9,0,3,19.5
2026-09-21T07:47,20,0,662.1,9,0,3,19.4
2026-09-21T08:00,20,0,665.2,9,0,3,19.4
2026-09-21T08:13,20,0,655.7,9,0,3,19.4
2026-09-21T08:26,20,0,662.2,9,0,3,19.3
2026-09-21T08:39,20,0,661.0,9,0,3,19.3
2026-09-21T08:52,20,0,648.5,9,0,3,19.3
2026-09-21T09:05,20,0,658.2,9,0,3,19.3
2026-09-21T09:18,20,0,660.8,9,0,3,19.3
2026-09-21T09:31,20,0,661.7,9,0,3,19.3
2026-09-21T09:44,20,0,674.5,9,0,3,19.3
2026-09-21T09:57,20,0,661.4,9,0,3,19.4
2026-09-21T10:10,20,0,665.6,9,0,3,19.4
2026-09-21T10:24,20,0,661.8,9,0,3,19.5
2026-09-21T10:37,20,0,659.0,9,0,3,19.5
2026-09-21T10:50,20,0,655.4,9,0,3,19.6
2026-09-21T11:02,20,0,666.3,9,0,3,19.7
2026-09-21T11:16,20,0,655.5,9,0,3,19.8
2026-09-21T11:28,20,0,651.1,9,0,3,19.9
2026-09-21T11:41,20,0,649.7,9,0,3,20.0
2026-09-21T11:54,20,0,664.7,9,0,3,20.1
2026-09-21T12:07,20,0,666.3,9,0,3,20.2
2026-09-21T12:20,20,0,667.3,9,0,3,20.4
2026-09-21T12:33,20,0,669.0,9,0,3,20.5
2026-09-21T12:47,20,0,661.5,9,0,3,20.6
2026-09-21T13:00,20,0,662.5,9,0,3,20.8
2026-09-21T13:13,20,0,675.3,9,0,3,20.9
2026-09-21T13:26,20,0,658.7,9,0,3,21.1
2026-09-21T13:39,20,0,654.6,9,0,3,21.2
2026-09-21T14:00,20,1,659.7,9,0,3,21.5
2026-09-21T14:12,20,1,648.6,9,0,3,21.7
2026-09-21T14:25,20,1,662.8,9,0,3,21.8
2026-09-21T14:38,20,1,659.3,9,0,3,22.0
2026-09-21T14:51,20,1,676.2,9,0,3,22.2
2026-09-21T15:05,20,1,667.5,9,0,3,22.3
2026-09-21T15:18,20,1,665.2,9,0,3,22.5
2026-09-21T15:31,20,1,664.8,9,0,3,22.7
2026-09-21T15:44,20,1,662.4,9,0,3,22.8
2026-09-21T15:57,20,1,659.1,9,0,3,23.0
2026-09-21T16:10,20,1,672.9,9,0,3,23.2
2026-09-21T16:23,20,1,662.7,9,0,3,23.3
2026-09-21T16:36,20,1,668.6,9,0,3,23.5
2026-09-21T16:49,20,1,655.7,9,0,3,23.6
2026-09-21T17:02,20,1,663.9,9,0,3,23.8
2026-09-21T17:15,20,1,673.8,9,0,3,23.9
2026-09-21T17:29,20,1,665.3,9,0,3,24.1
2026-09-21T17:42,20,1,665.3,9,0,3,24.2
2026-09-21T17:55,20,1,663.0,9,0,3,24.3
2026-09-21T18:08,20,1,667.4,9,0,3,24.5
2026-09-21T18:21,20,1,674.2,9,0,3,24.6
2026-09-21T18:34,20,1,666.8,9,0,3,24.7
2026-09-21T18:47,20,1,669.0,9,0,3,24.8
2026-09-21T19:00,20,1,671.0,9,0,3,24.9
2026-09-21T19:14,20,1,663.1,9,0,3,24.9
2026-09-21T19:27,20,1,666.9,9,0,3,25.0
2026-09-21T19:40,20,1,674.0,9,0,3,25.1
2026-09-21T19:53,20,1,673.8,9,0,3,25.1
2026-09-21T20:06,20,1,669.1,9,0,3,25.2
2026-09-21T20:19,20,1,676.3,9,0,3,25.2
2026-09-21T20:33,20,1,669.4,9,0,3,25.2
2026-09-21T20:46,20,1,672.1,9,0,3,25.2
2026-09-21T20:59,20,1,666.0,9,0,3,25.2
2026-09-21T21:12,20,1,660.3,9,0,3,25.2
2026-09-21T21:25,20,1,674.9,9,0,3,25.2
2026-09-21T21:38,20,1,671.5,9,0,3,25.2
2026-09-22T06:00,21,0,646.9,9,0,3,20.1
2026-09-22T06:12,21,0,631.6,9,0,3,20.0
2026-09-22T06:25,21,0,656.3,9,0,3,19.9
2026-09-22T06:38,21,0,650.2,9,0,3,19.8
2026-09-22T06:51,21,0,648.9,9,0,3,19.7
2026-09-22T07:03,21,0,650.1,9,0,3,19.6
2026-09-22T07:16,21,0,642.3,9,0,3,19.5
2026-09-22T07:29,21,0,641.4,9,0,3,19.4
2026-09-22T07:42,21,0,632.0,9,0,3,19.4
2026-09-22T07:54,21,0,631.6,9,0,3,19.3
2026-09-22T08:07,21,0,641.5,9,0,3,19.3
2026-09-22T08:19,21,0,642.0,9,0,3,19.3
2026-09-22T08:32,21,0,637.1,9,0,3,19.2
2026-09-22T08:45,21,0,636.8,9,0,3,19.2
2026-09-22T08:57,21,0,631.7,9,0,3,19.2
2026-09-22T09:10,21,0,649.0,9,0,3,19.2
2026-09-22T09:23,21,0,638.9,9,0,3,19.2
2026-09-22T09:35,21,0,646.3,9,0,3,19.2
2026-09-22T09:48,21,0,642.0,9,0,3,19.3
2026-09-22T10:01,21,0,643.2,9,0,3,19.3
2026-09-22T10:13,21,0,646.3,9,0,3,19.4
2026-09-22T10:26,21,0,644.6,9,0,3,19.4
2026-09-22T10:39,21,0,641.9,9,0,3,19.5
2026-09-22T10:52,21,0,643.9,9,0,3,19.5
2026-09-22T11:04,21,0,650.2,9,0,3,19.6
2026-09-22T11:17,21,0,640.2,9,0,3,19.7
2026-09-22T11:30,21,0,642.3,9,0,3,19.8
2026-09-22T11:43,21,0,638.1,9,0,3,19.9
2026-09-22T11:55,21,0,644.9,9,0,3,20.0
2026-09-22T12:08,21,0,642.6,9,0,3,20.1
2026-09-22T12:21,21,0,638.3,9,0,3,20.3
2026-09-22T12:33,21,0,640.1,9,0,3,20.4
2026-09-22T12:46,21,0,638.1,9,0,3,20.5
2026-09-22T12:59,21,0,649.1,9,0,3,20.7
2026-09-22T13:12,21,0,653.1,9,0,3,20.8
2026-09-22T13:24,21,0,639.1,9,0,3,21.0
2026-09-22T13:37,21,0,643.2,9,0,3,21.1
2026-09-22T14:00,21,1,646.1,9,0,3,21.4
2026-09-22T14:12,21,1,640.5,9,0,3,21.6
2026-09-22T14:25,21,1,643.2,9,0,3,21.7
2026-09-22T14:38,21,1,645.8,9,0,3,21.9
2026-09-22T14:50,21,1,637.2,9,0,3,22.1
2026-09-22T15:03,21,1,639.2,9,0,3,22.2
2026-09-22T15:17,21,1,655.1,9,0,3,22.4
2026-09-22T15:30,21,1,647.2,9,0,3,22.6
2026-09-22T15:43,21,1,644.5,9,0,3,22.7
2026-09-22T15:56,21,1,635.6,9,0,3,22.9
2026-09-22T16:08,21,1,639.8,9,0,3,23.1
2026-09-22T16:21,21,1,655.0,9,0,3,23.2
2026-09-22T16:34,21,1,654.0,9,0,3,23.4
2026-09-22T16:47,21,1,643.6,9,0,3,23.5
2026-09-22T17:00,21,1,640.8,9,0,3,23.7
2026-09-22T17:12,21,1,634.3,9,0,3,23.8
2026-09-22T17:25,21,1,644.1,9,0,3,23.9
2026-09-22T17:38,21,1,642.3,9,0,3,24.1
2026-09-22T17:50,21,1,650.2,9,0,3,24.2
2026-09-22T18:03,21,1,634.4,9,0,3,24.3
2026-09-22T18:16,21,1,647.1,9,0,3,24.4
2026-09-22T18:34,21,1,651.2,9,0,3,24.6
2026-09-22T18:47,21,1,648.4,9,0,3,24.7
2026-09-22T19:00,21,1,650.9,9,0,3,24.8
2026-09-22T19:13,21,1,645.2,9,0,3,24.8
2026-09-22T19:26,21,1,644.4,9,0,3,24.9
2026-09-22T19:38,21,1,645.4,9,0,3,25.0
2026-09-22T19:51,21,1,659.7,9,0,3,25.0
2026-09-22T20:04,21,1,642.1,9,0,3,25.1
2026-09-22T20:17,21,1,644.7,9,0,3,25.1
2026-09-22T20:33,21,1,647.3,9,0,3,25.1
2026-09-22T20:50,21,1,645.9,9,0,3,25.2
2026-09-22T21:03,21,1,644.0,9,0,3,25.2
2026-09-22T21:16,21,1,650.8,9,0,3,25.1
2026-09-22T21:28,21,1,649.8,9,0,3,25.1
2026-09-22T21:41,21,1,631.3,9,0,3,25.1
2026-09-23T06:00,22,0,655.0,9,0,3,20.0
2026-09-23T06:12,22,0,646.7,9,0,3,19.9
2026-09-23T06:25,22,0,636.6,9,0,3,19.8
2026-09-23T06:38,22,0,652.3,9,0,3,19.7
2026-09-23T06:51,22,0,638.2,9,0,3,19.6
2026-09-23T07:03,22,0,642.5,9,0,3,19.5
2026-09-23T07:16,22,0,638.3,9,0,3,19.4
2026-09-23T07:29,22,0,632.3,9,0,3,19.3
2026-09-23T07:41,22,0,641.6,9,0,3,19.3
2026-09-23T07:54,22,0,644.7,9,0,3,19.2
2026-09-23T08:07,22,0,643.9,9,0,3,19.2
2026-09-23T08:19,22,0,646.4,9,0,3,19.2
2026-09-23T08:32,22,0,642.9,9,0,3,19.1
2026-09-23T08:45,22,0,654.4,9,0,3,19.1
2026-09-23T08:58,22,0,648.9,9,0,3,19.1
2026-09-23T09:11,22,0,649.4,9,0,3,19.1
2026-09-23T09:23,22,0,645.5,9,0,3,19.1
2026-09-23T09:36,22,0,645.1,9,0,3,19.1
2026-09-23T09:49,22,0,651.2,9,0,3,19.2
2026-09-23T10:02,22,0,652.4,9,0,3,19.2
2026-09-23T10:15,22,0,630.0,9,0,3,19.3
2026-09-23T10:27,22,0,643.9,9,0,3,19.3
2026-09-23T10:40,22,0,642.6,9,0,3,19.4
2026-09-23T10:53,22,0,635.3,9,0,3,19.5
2026-09-23T11:05,22,0,644.9,9,0,3,19.5
2026-09-23T11:18,22,0,643.3,9,0,3,19.6
2026-09-23T11:31,22,0,641.0,9,0,3,19.7
2026-09-23T11:43,22,0,644.5,9,0,3,19.8
2026-09-23T12:00,22,0,648.2,9,0,3,20.0
2026-09-23T12:13,22,0,637.9,9,0,3,20.1
2026-09-23T12:26,22,0,644.1,9,0,3,20.2
2026-09-23T12:39,22,0,653.5,9,0,3,20.4
2026-09-23T12:52,22,0,643.7,9,0,3,20.5
2026-09-23T13:04,22,0,639.5,9,0,3,20.6
2026-09-23T13:17,22,0,642.4,9,0,3,20.8
2026-09-23T13:32,22,0,642.6,9,0,3,21.0
2026-09-23T13:45,22,0,646.6,9,0,3,21.1
2026-09-23T14:00,22,1,648.7,9,0,3,21.3
2026-09-23T14:12,22,1,653.9,9,0,3,21.5
2026-09-23T14:25,22,1,643.9,9,0,3,21.6
2026-09-23T14:38,22,1,650.7,9,0,3,21.8
2026-09-23T14:51,22,1,647.8,9,0,3,22.0
2026-09-23T15:04,22,1,642.2,9,0,3,22.1
2026-09-23T15:16,22,1,656.2,9,0,3,22.3
2026-09-23T15:29,22,1,648.8,9,0,3,22.5
2026-09-23T15:42,22,1,638.7,9,0,3,22.6
2026-09-23T15:55,22,1,647.3,9,0,3,22.8
2026-09-23T16:07,22,1,649.0,9,0,3,22.9
2026-09-23T16:23,22,1,649.9,9,0,3,23.1
2026-09-23T16:36,22,1,643.6,9,0,3,23.3
2026-09-23T16:48,22,1,649.1,9,0,3,23.4
2026-09-23T17:03,22,1,650.2,9,0,3,23.6
2026-09-23T17:19,22,1,640.6,9,0,3,23.8
2026-09-23T17:32,22,1,647.5,9,0,3,23.9
2026-09-23T17:45,22,1,648.1,9,0,3,24.0
2026-09-23T17:58,22,1,652.4,9,0,3,24.2
2026-09-23T18:10,22,1,649.6,9,0,3,24.3
2026-09-23T18:23,22,1,642.1,9,0,3,24.4
2026-09-23T18:36,22,1,648.3,9,0,3,24.5
2026-09-23T18:49,22,1,653.5,9,0,3,24.6
2026-09-23T19:02,22,1,649.9,9,0,3,24.7
2026-09-23T19:15,22,1,643.2,9,0,3,24.7
2026-09-23T19:27,22,1,644.7,9,0,3,24.8
2026-09-23T19:40,22,1,649.7,9,0,3,24.9
2026-09-23T19:53,22,1,642.3,9,0,3,24.9
2026-09-23T20:06,22,1,655.8,9,0,3,25.0
2026-09-23T20:18,22,1,652.7,9,0,3,25.0
2026-09-23T20:34,22,1,642.5,9,0,3,25.0
2026-09-23T20:47,22,1,636.2,9,0,3,25.0
2026-09-23T21:03,22,1,647.6,9,0,3,25.0
2026-09-23T21:16,22,1,637.5,9,0,3,25.0
2026-09-23T21:29,22,1,636.6,9,0,3,25.0
2026-09-23T21:41,22,1,641.4,9,0,3,25.0
2026-09-24T06:00,23,0,635.3,9,0,3,19.9
2026-09-24T06:12,23,0,637.8,9,0,3,19.8
2026-09-24T06:25,23,0,653.8,9,0,3,19.7
2026-09-24T06:38,23,0,643.8,9,0,3,19.6
2026-09-24T06:50,23,0,645.6,9,0,3,19.5
2026-09-24T07:03,23,0,647.9,9,0,3,19.4
2026-09-24T07:20,23,0,636.5,9,0,3,19.3
2026-09-24T07:33,23,0,644.3,9,0,3,19.2
2026-09-24T07:45,23,0,654.2,9,0,3,19.2
2026-09-24T07:58,23,0,645.7,9,0,3,19.1
2026-09-24T08:11,23,0,644.9,9,0,3,19.1
2026-09-24T08:24,23,0,642.0,9,0,3,19.0
2026-09-24T08:39,23,0,648.2,9,0,3,19.0
2026-09-24T08:51,23,0,642.8,9,0,3,19.0
2026-09-24T09:04,23,0,654.2,9,0,3,19.0
2026-09-24T09:17,23,0,640.4,9,0,3,19.0
2026-09-24T09:30,23,0,640.9,9,0,3,19.0
2026-09-24T09:42,23,0,644.1,9,0,3,19.0
2026-09-24T09:55,23,0,644.7,9,0,3,19.1
2026-09-24T10:08,23,0,643.5,9,0,3,19.1
2026-09-24T10:21,23,0,635.9,9,0,3,19.2
2026-09-24T10:33,23,0,651.8,9,0,3,19.2
2026-09-24T10:46,23,0,648.1,9,0,3,19.3
2026-09-24T10:59,23,0,647.8,9,0,3,19.4
2026-09-24T11:12,23,0,646.7,9,0,3,19.5
2026-09-24T11:25,23,0,643.8,9,0,3,19.6
2026-09-24T11:37,23,0,646.6,9,0,3,19.7
2026-09-24T11:50,23,0,656.9,9,0,3,19.8
2026-09-24T12:03,23,0,642.3,9,0,3,19.9
2026-09-24T12:16,23,0,646.0,9,0,3,20.0
2026-09-24T12:28,23,0,646.4,9,0,3,20.1
2026-09-24T12:41,23,0,647.3,9,0,3,20.3
2026-09-24T12:54,23,0,641.1,9,0,3,20.4
2026-09-24T13:07,23,0,642.9,9,0,3,20.6
2026-09-24T13:19,23,0,646.8,9,0,3,20.7
2026-09-24T13:32,23,0,648.5,9,0,3,20.9
2026-09-24T13:45,23,0,648.3,9,0,3,21.0
2026-09-24T14:00,23,1,638.2,9,0,3,21.2
2026-09-24T14:12,23,1,641.1,9,0,3,21.3
2026-09-24T14:25,23,1,654.7,9,0,3,21.5
2026-09-24T14:40,23,1,644.9,9,0,3,21.7
2026-09-24T14:53,23,1,647.2,9,0,3,21.9
2026-09-24T15:06,23,1,640.1,9,0,3,22.0
2026-09-24T15:18,23,1,643.7,9,0,3,22.2
2026-09-24T15:33,23,1,646.8,9,0,3,22.4
2026-09-24T15:46,23,1,644.9,9,0,3,22.6
2026-09-24T15:59,23,1,646.9,9,0,3,22.7
2026-09-24T16:12,23,1,637.5,9,0,3,22.9
2026-09-24T16:24,23,1,649.0,9,0,3,23.0
2026-09-24T16:37,23,1,648.1,9,0,3,23.2
2026-09-24T16:50,23,1,636.4,9,0,3,23.3
2026-09-24T17:03,23,1,646.8,9,0,3,23.5
2026-09-24T17:15,23,1,645.3,9,0,3,23.6
2026-09-24T17:28,23,1,646.5,9,0,3,23.8
2026-09-24T17:41,23,1,651.4,9,0,3,23.9
2026-09-24T17:54,23,1,652.5,9,0,3,24.0
2026-09-24T18:07,23,1,646.0,9,0,3,24.1
2026-09-24T18:19,23,1,651.3,9,0,3,24.2
2026-09-24T18:32,23,1,645.4,9,0,3,24.3
2026-09-24T18:45,23,1,645.0,9,0,3,24.4
2026-09-24T18:58,23,1,654.8,9,0,3,24.5
2026-09-24T19:11,23,1,644.0,9,0,3,24.6
2026-09-24T19:23,23,1,637.2,9,0,3,24.7
2026-09-24T19:40,23,1,646.7,9,0,3,24.8
2026-09-24T19:53,23,1,645.1,9,0,3,24.8
2026-09-24T20:06,23,1,643.8,9,0,3,24.9
2026-09-24T20:19,23,1,649.7,9,0,3,24.9
2026-09-24T20:31,23,1,635.8,9,0,3,24.9
2026-09-24T20:44,23,1,649.1,9,0,3,24.9
2026-09-24T21:00,23,1,650.4,9,0,3,24.9
2026-09-24T21:13,23,1,656.2,9,0,3,24.9
2026-09-24T21:25,23,1,649.4,9,0,3,24.9
2026-09-24T21:38,23,1,639.6,9,0,3,24.9
2026-09-25T06:00,24,0,654.1,9,0,3,19.8
2026-09-25T06:12,24,0,647.5,9,0,3,19.6
2026-09-25T06:30,24,0,638.5,9,0,3,19.5
2026-09-25T06:43,24,0,643.7,9,0,3,19.4
2026-09-25T06:55,24,0,646.5,9,0,3,19.3
2026-09-25T07:08,24,0,645.8,9,0,3,19.2
2026-09-25T07:21,24,0,648.1,9,0,3,19.1
2026-09-25T07:34,24,0,643.7,9,0,3,19.1
2026-09-25T07:46,24,0,648.6,9,0,3,19.0
2026-09-25T07:59,24,0,642.9,9,0,3,19.0
2026-09-25T08:12,24,0,636.5,9,0,3,18.9
2026-09-25T08:25,24,0,644.1,9,0,3,18.9
2026-09-25T08:37,24,0,642.3,9,0,3,18.9
2026-09-25T08:55,24,0,651.7,9,0,3,18.9
2026-09-25T09:08,24,0,646.0,9,0,3,18.9
2026-09-25T09:23,24,0,640.6,9,0,3,18.9
2026-09-25T09:36,24,0,648.0,9,0,3,18.9
2026-09-25T09:49,24,0,647.0,9,0,3,18.9
2026-09-25T10:01,24,0,643.5,9,0,3,19.0
2026-09-25T10:14,24,0,643.2,9,0,3,19.0
2026-09-25T10:29,24,0,647.9,9,0,3,19.1
2026-09-25T10:42,24,0,645.0,9,0,3,19.2
2026-09-25T10:55,24,0,642.2,9,0,3,19.2
2026-09-25T11:08,24,0,647.0,9,0,3,19.3
2026-09-25T11:20,24,0,649.1,9,0,3,19.4
2026-09-25T11:36,24,0,644.7,9,0,3,19.5
2026-09-25T11:49,24,0,661.1,9,0,3,19.6
2026-09-25T12:02,24,0,649.0,9,0,3,19.8
2026-09-25T12:15,24,0,659.7,9,0,3,19.9
2026-09-25T12:28,24,0,648.2,9,0,3,20.0
2026-09-25T12:41,24,0,647.3,9,0,3,20.1
2026-09-25T12:54,24,0,649.6,9,0,3,20.3
2026-09-25T13:06,24,0,646.6,9,0,3,20.4
2026-09-25T13:19,24,0,654.0,9,0,3,20.6
2026-09-25T13:32,24,0,653.1,9,0,3,20.7
2026-09-25T13:45,24,0,646.0,9,0,3,20.9
2026-09-25T14:00,24,1,652.9,9,0,3,21.1
2026-09-25T14:12,24,1,657.0,9,0,3,21.2
2026-09-25T14:25,24,1,642.5,9,0,3,21.4
2026-09-25T14:38,24,1,643.1,9,0,3,21.6
2026-09-25T14:51,24,1,650.9,9,0,3,21.7
2026-09-25T15:04,24,1,642.4,9,0,3,21.9
2026-09-25T15:16,24,1,647.6,9,0,3,22.1
2026-09-25T15:29,24,1,645.4,9,0,3,22.2
2026-09-25T15:42,24,1,651.6,9,0,3,22.4
2026-09-25T15:55,24,1,647.4,9,0,3,22.5
2026-09-25T16:08,24,1,644.9,9,0,3,22.7
2026-09-25T16:20,24,1,656.3,9,0,3,22.9
2026-09-25T16:36,24,1,654.3,9,0,3,23.0
2026-09-25T16:49,24,1,645.9,9,0,3,23.2
2026-09-25T17:01,24,1,651.9,9,0,3,23.3
2026-09-25T17:14,24,1,642.9,9,0,3,23.5
2026-09-25T17:31,24,1,650.5,9,0,3,23.7
2026-09-25T17:47,24,1,640.1,9,0,3,23.8
2026-09-25T18:03,24,1,652.8,9,0,3,24.0
2026-09-25T18:16,24,1,652.9,9,0,3,24.1
2026-09-25T18:29,24,1,643.0,9,0,3,24.2
2026-09-25T18:41,24,1,642.9,9,0,3,24.3
2026-09-25T18:54,24,1,649.0,9,0,3,24.4
2026-09-25T19:07,24,1,656.7,9,0,3,24.5
2026-09-25T19:20,24,1,649.2,9,0,3,24.5
2026-09-25T19:33,24,1,649.7,9,0,3,24.6
2026-09-25T19:45,24,1,649.6,9,0,3,24.7
2026-09-25T19:58,24,1,642.2,9,0,3,24.7
2026-09-25T20:11,24,1,652.1,9,0,3,24.7
2026-09-25T20:24,24,1,655.5,9,0,3,24.8
2026-09-25T20:40,24,1,655.0,9,0,3,24.8
2026-09-25T20:53,24,1,648.8,9,0,3,24.8
2026-09-25T21:06,24,1,648.8,9,0,3,24.8
2026-09-25T21:19,24,1,646.5,9,0,3,24.8
2026-09-25T21:31,24,1,642.7,9,0,3,24.8
2026-09-25T21:44,24,1,645.1,9,0,3,24.7
2026-09-26T06:00,25,0,647.0,9,0,3,19.6
2026-09-26T06:12,25,0,640.0,9,0,3,19.5
2026-09-26T06:25,25,0,633.1,9,0,3,19.4
2026-09-26T06:37,25,0,641.3,9,0,3,19.3
2026-09-26T06:50,25,0,650.7,9,0,3,19.2
2026-09-26T07:03,25,0,634.7,9,0,3,19.1
2026-09-26T07:16,25,0,641.6,9,0,3,19.0
2026-09-26T07:28,25,0,651.4,9,0,3,19.0
2026-09-26T07:41,25,0,638.5,9,0,3,18.9
2026-09-26T07:54,25,0,649.8,9,0,3,18.9
2026-09-26T08:07,25,0,637.8,9,0,3,18.8
2026-09-26T08:19,25,0,638.5,9,0,3,18.8
2026-09-26T08:32,25,0,640.4,9,0,3,18.8
2026-09-26T08:45,25,0,641.3,9,0,3,18.7
2026-09-26T08:57,25,0,646.4,9,0,3,18.7
2026-09-26T09:10,25,0,634.2,9,0,3,18.7
2026-09-26T09:23,25,0,638.5,9,0,3,18.7
2026-09-26T09:35,25,0,647.7,9,0,3,18.8
2026-09-26T09:48,25,0,641.0,9,0,3,18.8
2026-09-26T10:01,25,0,643.8,9,0,3,18.8
2026-09-26T10:13,25,0,639.8,9,0,3,18.9
2026-09-26T10:26,25,0,635.2,9,0,3,18.9
2026-09-26T10:39,25,0,649.5,9,0,3,19.0
2026-09-26T10:52,25,0,646.3,9,0,3,19.1
2026-09-26T11:04,25,0,636.3,9,0,3,19.2
2026-09-26T11:17,25,0,638.7,9,0,3,19.2
2026-09-26T11:30,25,0,634.3,9,0,3,19.3
2026-09-26T11:42,25,0,649.1,9,0,3,19.4
2026-09-26T11:55,25,0,638.7,9,0,3,19.6
2026-09-26T12:08,25,0,645.1,9,0,3,19.7
2026-09-26T12:20,25,0,642.3,9,0,3,19.8
2026-09-26T12:33,25,0,645.4,9,0,3,19.9
2026-09-26T12:46,25,0,648.7,9,0,3,20.1
2026-09-26T12:59,25,0,645.7,9,0,3,20.2
2026-09-26T13:11,25,0,632.8,9,0,3,20.3
2026-09-26T13:24,25,0,635.6,9,0,3,20.5
2026-09-26T13:37,25,0,637.6,9,0,3,20.6
2026-09-26T14:00,25,1,640.6,9,0,3,20.9
2026-09-26T14:12,25,1,648.5,9,0,3,21.1
2026-09-26T14:25,25,1,642.3,9,0,3,21.3
2026-09-26T14:38,25,1,637.0,9,0,3,21.4
2026-09-26T14:50,25,1,644.3,9,0,3,21.6
2026-09-26T15:03,25,1,636.3,9,0,3,21.7
2026-09-26T15:16,25,1,652.3,9,0,3,21.9
2026-09-26T15:29,25,1,642.5,9,0,3,22.1
2026-09-26T15:41,25,1,639.9,9,0,3,22.2
2026-09-26T15:54,25,1,644.8,9,0,3,22.4
2026-09-26T16:07,25,1,647.7,9,0,3,22.6
2026-09-26T16:19,25,1,645.6,9,0,3,22.7
2026-09-26T16:32,25,1,636.2,9,0,3,22.9
2026-09-26T16:45,25,1,641.9,9,0,3,23.0
2026-09-26T16:57,25,1,641.3,9,0,3,23.2
2026-09-26T17:10,25,1,645.0,9,0,3,23.3
2026-09-26T17:23,25,1,648.4,9,0,3,23.4
2026-09-26T17:36,25,1,648.6,9,0,3,23.6
2026-09-26T17:49,25,1,642.3,9,0,3,23.7
2026-09-26T18:01,25,1,642.5,9,0,3,23.8
2026-09-26T18:14,25,1,640.4,9,0,3,23.9
2026-09-26T18:27,25,1,637.3,9,0,3,24.0
2026-09-26T18:39,25,1,643.1,9,0,3,24.1
2026-09-26T18:52,25,1,647.9,9,0,3,24.2
2026-09-26T19:05,25,1,644.5,9,0,3,24.3
2026-09-26T19:18,25,1,643.3,9,0,3,24.4
2026-09-26T19:30,25,1,653.1,9,0,3,24.4
2026-09-26T19:43,25,1,644.7,9,0,3,24.5
2026-09-26T19:56,25,1,642.8,9,0,3,24.6
2026-09-26T20:09,25,1,642.1,9,0,3,24.6
2026-09-26T20:21,25,1,650.7,9,0,3,24.6
2026-09-26T20:34,25,1,644.9,9,0,3,24.6
2026-09-26T20:47,25,1,643.3,9,0,3,24.7
2026-09-26T21:00,25,1,642.8,9,0,3,24.7
2026-09-26T21:12,25,1,640.8,9,0,3,24.7
2026-09-26T21:25,25,1,650.5,9,0,3,24.6
2026-09-26T21:38,25,1,654.3,9,0,3,24.6
2026-09-27T06:00,26,0,645.7,9,0,3,19.5
2026-09-27T06:12,26,0,649.7,9,0,3,19.4
2026-09-27T06:25,26,0,644.4,9,0,3,19.3
2026-09-27T06:38,26,0,644.5,9,0,3,19.2
2026-09-27T06:51,26,0,638.1,9,0,3,19.1
2026-09-27T07:03,26,0,643.2,9,0,3,19.0
2026-09-27T07:16,26,0,643.2,9,0,3,18.9
2026-09-27T07:29,26,0,643.6,9,0,3,18.8
2026-09-27T07:41,26,0,647.0,9,0,3,18.8
2026-09-27T07:54,26,0,646.8,9,0,3,18.7
2026-09-27T08:07,26,0,648.3,9,0,3,18.7
2026-09-27T08:20,26,0,634.0,9,0,3,18.6
2026-09-27T08:32,26,0,641.9,9,0,3,18.6
2026-09-27T08:45,26,0,643.8,9,0,3,18.6
2026-09-27T08:58,26,0,643.0,9,0,3,18.6
2026-09-27T09:10,26,0,646.4,9,0,3,18.6
2026-09-27T09:23,26,0,644.6,9,0,3,18.6
2026-09-27T09:36,26,0,638.7,9,0,3,18.6
2026-09-27T09:49,26,0,640.4,9,0,3,18.7
2026-09-27T10:01,26,0,645.7,9,0,3,18.7
2026-09-27T10:14,26,0,642.8,9,0,3,18.7
2026-09-27T10:27,26,0,646.8,9,0,3,18.8
2026-09-27T10:40,26,0,643.0,9,0,3,18.9
2026-09-27T10:52,26,0,647.6,9,0,3,18.9
2026-09-27T11:05,26,0,649.7,9,0,3,19.0
2026-09-27T11:18,26,0,632.7,9,0,3,19.1
2026-09-27T11:30,26,0,639.8,9,0,3,19.2
2026-09-27T11:43,26,0,648.7,9,0,3,19.3
2026-09-27T11:56,26,0,642.4,9,0,3,19.4
2026-09-27T12:09,26,0,645.4,9,0,3,19.5
2026-09-27T12:21,26,0,635.0,9,0,3,19.7
2026-09-27T12:34,26,0,643.4,9,0,3,19.8
2026-09-27T12:47,26,0,648.7,9,0,3,19.9
2026-09-27T12:59,26,0,635.5,9,0,3,20.1
2026-09-27T13:12,26,0,644.0,9,0,3,20.2
2026-09-27T13:25,26,0,637.6,9,0,3,20.4
2026-09-27T13:37,26,0,638.2,9,0,3,20.5
2026-09-27T14:00,26,1,649.0,9,0,3,20.8
2026-09-27T14:12,26,1,643.8,9,0,3,20.9
2026-09-27T14:25,26,1,647.1,9,0,3,21.1
2026-09-27T14:38,26,1,639.0,9,0,3,21.3
2026-09-27T14:50,26,1,638.1,9,0,3,21.4
2026-09-27T15:03,26,1,641.0,9,0,3,21.6
2026-09-27T15:16,26,1,639.6,9,0,3,21.8
2026-09-27T15:28,26,1,643.6,9,0,3,21.9
2026-09-27T15:41,26,1,640.2,9,0,3,22.1
2026-09-27T15:54,26,1,642.1,9,0,3,22.3
2026-09-27T16:07,26,1,638.8,9,0,3,22.4
2026-09-27T16:19,26,1,641.6,9,0,3,22.6
2026-09-27T16:32,26,1,643.6,9,0,3,22.7
2026-09-27T16:45,26,1,649.9,9,0,3,22.9
2026-09-27T16:57,26,1,648.5,9,0,3,23.0
2026-09-27T17:10,26,1,642.7,9,0,3,23.2
2026-09-27T17:23,26,1,641.5,9,0,3,23.3
2026-09-27T17:36,26,1,649.2,9,0,3,23.4
2026-09-27T17:48,26,1,646.7,9,0,3,23.6
2026-09-27T18:01,26,1,640.9,9,0,3,23.7
2026-09-27T18:14,26,1,635.0,9,0,3,23.8
2026-09-27T18:27,26,1,657.5,9,0,3,23.9
2026-09-27T18:39,26,1,645.7,9,0,3,24.0
2026-09-27T18:52,26,1,642.7,9,0,3,24.1
2026-09-27T19:05,26,1,646.6,9,0,3,24.2
2026-09-27T19:18,26,1,648.2,9,0,3,24.2
2026-09-27T19:31,26,1,647.4,9,0,3,24.3
2026-09-27T19:43,26,1,647.5,9,0,3,24.4
2026-09-27T19:56,26,1,636.2,9,0,3,24.4
2026-09-27T20:09,26,1,642.0,9,0,3,24.5
2026-09-27T20:21,26,1,648.7,9,0,3,24.5
2026-09-27T20:34,26,1,639.6,9,0,3,24.5
2026-09-27T20:47,26,1,648.1,9,0,3,24.5
2026-09-27T21:00,26,1,650.3,9,0,3,24.5
2026-09-27T21:13,26,1,644.4,9,0,3,24.5
2026-09-27T21:25,26,1,647.6,9,0,3,24.5
2026-09-27T21:38,26,1,651.0,9,0,3,24.5
2026-09-28T06:00,27,0,645.0,9,0,3,19.3
2026-09-28T06:12,27,0,638.8,9,0,3,19.2
2026-09-28T06:25,27,0,642.9,9,0,3,19.1
2026-09-28T06:38,27,0,645.6,9,0,3,19.0
2026-09-28T06:50,27,0,638.3,9,0,3,18.9
2026-09-28T07:03,27,0,639.5,9,0,3,18.8
2026-09-28T07:16,27,0,643.4,9,0,3,18.8
2026-09-28T07:28,27,0,641.1,9,0,3,18.7
2026-09-28T07:41,27,0,652.7,9,0,3,18.6
2026-09-28T07:54,27,0,646.5,9,0,3,18.6
2026-09-28T08:07,27,0,645.1,9,0,3,18.5
2026-09-28T08:19,27,0,638.3,9,0,3,18.5
2026-09-28T08:32,27,0,638.8,9,0,3,18.5
2026-09-28T08:45,27,0,645.9,9,0,3,18.5
2026-09-28T08:58,27,0,637.6,9,0,3,18.4
2026-09-28T09:10,27,0,637.0,9,0,3,18.4
2026-09-28T09:23,27,0,641.1,9,0,3,18.5
2026-09-28T09:35,27,0,645.2,9,0,3,18.5
2026-09-28T09:48,27,0,642.4,9,0,3,18.5
2026-09-28T10:01,27,0,652.5,9,0,3,18.5
2026-09-28T10:14,27,0,636.3,9,0,3,18.6
2026-09-28T10:26,27,0,653.5,9,0,3,18.6
2026-09-28T10:39,27,0,639.8,9,0,3,18.7
2026-09-28T10:52,27,0,646.6,9,0,3,18.8
2026-09-28T11:05,27,0,643.6,9,0,3,18.9
2026-09-28T11:17,27,0,636.9,9,0,3,19.0
2026-09-28T11:30,27,0,647.3,9,0,3,19.1
2026-09-28T11:43,27,0,639.7,9,0,3,19.2
2026-09-28T11:56,27,0,636.7,9,0,3,19.3
2026-09-28T12:08,27,0,645.1,9,0,3,19.4
2026-09-28T12:21,27,0,645.5,9,0,3,19.5
2026-09-28T12:34,27,0,651.1,9,0,3,19.6
2026-09-28T12:46,27,0,651.0,9,0,3,19.8
2026-09-28T12:59,27,0,646.9,9,0,3,19.9
2026-09-28T13:12,27,0,645.7,9,0,3,20.1
2026-09-28T13:25,27,0,645.3,9,0,3,20.2
2026-09-28T13:38,27,0,647.7,9,0,3,20.4
2026-09-28T14:00,27,1,649.0,9,0,3,20.6
2026-09-28T14:12,27,1,643.8,9,0,3,20.8
2026-09-28T14:25,27,1,649.8,9,0,3,21.0
2026-09-28T14:38,27,1,651.2,9,0,3,21.1
2026-09-28T14:51,27,1,652.3,9,0,3,21.3
2026-09-28T15:04,27,1,645.6,9,0,3,21.5
2026-09-28T15:16,27,1,645.7,9,0,3,21.6
2026-09-28T15:29,27,1,641.1,9,0,3,21.8
2026-09-28T15:42,27,1,647.2,9,0,3,22.0
2026-09-28T15:55,27,1,644.9,9,0,3,22.1
2026-09-28T16:07,27,1,652.8,9,0,3,22.3
2026-09-28T16:20,27,1,649.7,9,0,3,22.4
2026-09-28T16:33,27,1,643.2,9,0,3,22.6
2026-09-28T16:46,27,1,638.6,9,0,3,22.7
2026-09-28T16:58,27,1,648.0,9,0,3,22.9
2026-09-28T17:11,27,1,646.5,9,0,3,23.0
2026-09-28T17:24,27,1,643.2,9,0,3,23.2
2026-09-28T17:37,27,1,660.1,9,0,3,23.3
2026-09-28T17:50,27,1,645.3,9,0,3,23.4
2026-09-28T18:02,27,1,652.0,9,0,3,23.5
2026-09-28T18:15,27,1,654.8,9,0,3,23.6
2026-09-28T18:32,27,1,657.2,9,0,3,23.8
2026-09-28T18:45,27,1,639.8,9,0,3,23.9
2026-09-28T18:57,27,1,646.3,9,0,3,24.0
2026-09-28T19:10,27,1,654.2,9,0,3,24.0
2026-09-28T19:23,27,1,644.5,9,0,3,24.1
2026-09-28T19:36,27,1,639.5,9,0,3,24.2
2026-09-28T19:48,27,1,647.5,9,0,3,24.2
2026-09-28T20:01,27,1,638.8,9,0,3,24.3
2026-09-28T20:14,27,1,653.7,9,0,3,24.3
2026-09-28T20:27,27,1,648.2,9,0,3,24.3
2026-09-28T20:40,27,1,646.0,9,0,3,24.4
2026-09-28T20:52,27,1,652.4,9,0,3,24.4
2026-09-28T21:05,27,1,643.2,9,0,3,24.4
2026-09-28T21:18,27,1,637.2,9,0,3,24.4
2026-09-28T21:31,27,1,643.3,9,0,3,24.3
2026-09-28T21:43,27,1,643.6,9,0,3,24.3
2026-09-29T06:00,28,0,649.0,9,0,3,19.2
2026-09-29T06:12,28,0,647.6,9,0,3,19.1
2026-09-29T06:25,28,0,638.6,9,0,3,19.0
2026-09-29T06:38,28,0,640.4,9,0,3,18.9
2026-09-29T06:50,28,0,639.7,9,0,3,18.8
2026-09-29T07:03,28,0,638.3,9,0,3,18.7
2026-09-29T07:16,28,0,649.8,9,0,3,18.6
2026-09-29T07:29,28,0,641.7,9,0,3,18.5
2026-09-29T07:41,28,0,642.6,9,0,3,18.5
2026-09-29T07:54,28,0,639.6,9,0,3,18.4
2026-09-29T08:07,28,0,648.1,9,0,3,18.4
2026-09-29T08:19,28,0,646.4,9,0,3,18.3
2026-09-29T08:32,28,0,648.4,9,0,3,18.3
2026-09-29T08:45,28,0,650.4,9,0,3,18.3
2026-09-29T08:58,28,0,639.6,9,0,3,18.3
2026-09-29T09:11,28,0,637.0,9,0,3,18.3
2026-09-29T09:23,28,0,638.3,9,0,3,18.3
2026-09-29T09:36,28,0,641.1,9,0,3,18.3
2026-09-29T09:48,28,0,637.2,9,0,3,18.4
2026-09-29T10:01,28,0,643.2,9,0,3,18.4
2026-09-29T10:14,28,0,636.2,9,0,3,18.4
2026-09-29T10:26,28,0,645.2,9,0,3,18.5
2026-09-29T10:39,28,0,645.1,9,0,3,18.6
2026-09-29T10:52,28,0,650.2,9,0,3,18.6
2026-09-29T11:05,28,0,647.1,9,0,3,18.7
2026-09-29T11:18,28,0,638.4,9,0,3,18.8
2026-09-29T11:30,28,0,645.9,9,0,3,18.9
2026-09-29T11:43,28,0,653.3,9,0,3,19.0
2026-09-29T11:56,28,0,636.5,9,0,3,19.1
2026-09-29T12:08,28,0,643.2,9,0,3,19.2
2026-09-29T12:21,28,0,647.6,9,0,3,19.4
2026-09-29T12:34,28,0,647.8,9,0,3,19.5
2026-09-29T12:47,28,0,635.8,9,0,3,19.6
2026-09-29T12:59,28,0,640.8,9,0,3,19.8
2026-09-29T13:12,28,0,645.6,9,0,3,19.9
2026-09-29T13:25,28,0,644.5,9,0,3,20.1
2026-09-29T13:38,28,0,638.5,9,0,3,20.2
2026-09-29T14:00,28,1,647.5,9,0,3,20.5
2026-09-29T14:12,28,1,645.1,9,0,3,20.6
2026-09-29T14:25,28,1,644.3,9,0,3,20.8
2026-09-29T14:38,28,1,646.6,9,0,3,21.0
2026-09-29T14:51,28,1,646.3,9,0,3,21.1
2026-09-29T15:03,28,1,647.4,9,0,3,21.3
2026-09-29T15:16,28,1,649.8,9,0,3,21.5
2026-09-29T15:29,28,1,644.0,9,0,3,21.6
2026-09-29T15:42,28,1,649.6,9,0,3,21.8
2026-09-29T15:55,28,1,645.4,9,0,3,22.0
2026-09-29T16:07,28,1,643.4,9,0,3,22.1
2026-09-29T16:20,28,1,651.3,9,0,3,22.3
2026-09-29T16:33,28,1,646.0,9,0,3,22.4
2026-09-29T16:46,28,1,633.8,9,0,3,22.6
2026-09-29T16:58,28,1,642.7,9,0,3,22.7
2026-09-29T17:11,28,1,652.2,9,0,3,22.9
2026-09-29T17:24,28,1,645.3,9,0,3,23.0
2026-09-29T17:37,28,1,641.3,9,0,3,23.1
2026-09-29T17:49,28,1,641.1,9,0,3,23.3
2026-09-29T18:02,28,1,646.6,9,0,3,23.4
2026-09-29T18:15,28,1,648.3,9,0,3,23.5
2026-09-29T18:27,28,1,646.1,9,0,3,23.6
2026-09-29T18:40,28,1,633.0,9,0,3,23.7
2026-09-29T18:53,28,1,643.7,9,0,3,23.8
2026-09-29T19:06,28,1,646.2,9,0,3,23.9
2026-09-29T19:18,28,1,650.5,9,0,3,23.9
2026-09-29T19:34,28,1,643.9,9,0,3,24.0
2026-09-29T19:47,28,1,656.0,9,0,3,24.1
2026-09-29T20:00,28,1,650.5,9,0,3,24.1
2026-09-29T20:13,28,1,641.6,9,0,3,24.2
2026-09-29T20:25,28,1,646.9,9,0,3,24.2
2026-09-29T20:38,28,1,643.9,9,0,3,24.2
2026-09-29T20:51,28,1,649.9,9,0,3,24.2
2026-09-29T21:04,28,1,651.5,9,0,3,24.2
2026-09-29T21:17,28,1,650.5,9,0,3,24.2
2026-09-29T21:29,28,1,630.4,9,0,3,24.2
2026-09-29T21:42,28,1,641.7,9,0,3,24.2
2026-09-30T06:00,29,0,633.5,9,0,3,19.0
2026-09-30T06:12,29,0,642.4,9,0,3,18.9
2026-09-30T06:25,29,0,642.1,9,0,3,18.8
2026-09-30T06:37,29,0,644.5,9,0,3,18.7
2026-09-30T06:50,29,0,642.2,9,0,3,18.6
2026-09-30T07:03,29,0,651.3,9,0,3,18.5
2026-09-30T07:16,29,0,635.1,9,0,3,18.5
2026-09-30T07:28,29,0,645.8,9,0,3,18.4
2026-09-30T07:41,29,0,642.6,9,0,3,18.3
2026-09-30T07:54,29,0,646.3,9,0,3,18.3
2026-09-30T08:07,29,0,645.0,9,0,3,18.2
2026-09-30T08:19,29,0,635.8,9,0,3,18.2
2026-09-30T08:32,29,0,633.6,9,0,3,18.2
2026-09-30T08:45,29,0,640.0,9,0,3,18.1
2026-09-30T08:57,29,0,638.6,9,0,3,18.1
2026-09-30T09:10,29,0,636.5,9,0,3,18.1
2026-09-30T09:22,29,0,648.8,9,0,3,18.1
2026-09-30T09:35,29,0,643.8,9,0,3,18.2
2026-09-30T09:48,29,0,645.1,9,0,3,18.2
2026-09-30T10:01,29,0,645.8,9,0,3,18.2
2026-09-30T10:13,29,0,641.2,9,0,3,18.3
2026-09-30T10:26,29,0,640.8,9,0,3,18.3
2026-09-30T10:39,29,0,642.9,9,0,3,18.4
2026-09-30T10:52,29,0,646.8,9,0,3,18.5
2026-09-30T11:04,29,0,644.8,9,0,3,18.6
2026-09-30T11:17,29,0,644.9,9,0,3,18.6
2026-09-30T11:30,29,0,651.0,9,0,3,18.7
2026-09-30T11:43,29,0,651.3,9,0,3,18.8
2026-09-30T11:56,29,0,648.7,9,0,3,19.0
2026-09-30T12:08,29,0,645.3,9,0,3,19.1
2026-09-30T12:21,29,0,653.3,9,0,3,19.2
2026-09-30T12:34,29,0,652.2,9,0,3,19.3
2026-09-30T12:47,29,0,638.2,9,0,3,19.5
2026-09-30T13:00,29,0,649.1,9,0,3,19.6
2026-09-30T13:12,29,0,642.5,9,0,3,19.8
2026-09-30T13:25,29,0,640.4,9,0,3,19.9
2026-09-30T13:38,29,0,640.6,9,0,3,20.1
2026-09-30T14:00,29,1,648.8,9,0,3,20.3
2026-09-30T14:12,29,1,643.9,9,0,3,20.5
2026-09-30T14:25,29,1,651.0,9,0,3,20.7
2026-09-30T14:38,29,1,645.2,9,0,3,20.8
2026-09-30T14:51,29,1,648.8,9,0,3,21.0
2026-09-30T15:03,29,1,655.1,9,0,3,21.1
2026-09-30T15:16,29,1,641.3,9,0,3,21.3
2026-09-30T15:29,29,1,647.9,9,0,3,21.5
2026-09-30T15:42,29,1,653.8,9,0,3,21.6
2026-09-30T15:55,29,1,655.8,9,0,3,21.8
2026-09-30T16:08,29,1,638.5,9,0,3,22.0
2026-09-30T16:20,29,1,648.5,9,0,3,22.1
2026-09-30T16:33,29,1,644.2,9,0,3,22.3
2026-09-30T16:46,29,1,638.8,9,0,3,22.4
2026-09-30T16:59,29,1,653.3,9,0,3,22.6
2026-09-30T17:11,29,1,647.5,9,0,3,22.7
2026-09-30T17:24,29,1,646.2,9,0,3,22.9
2026-09-30T17:37,29,1,652.2,9,0,3,23.0
2026-09-30T17:50,29,1,652.6,9,0,3,23.1
2026-09-30T18:03,29,1,642.2,9,0,3,23.2
2026-09-30T18:15,29,1,643.1,9,0,3,23.3
2026-09-30T18:28,29,1,651.0,9,0,3,23.4
2026-09-30T18:41,29,1,658.1,9,0,3,23.5
2026-09-30T18:54,29,1,643.6,9,0,3,23.6
2026-09-30T19:07,29,1,651.5,9,0,3,23.7
2026-09-30T19:20,29,1,648.4,9,0,3,23.8
2026-09-30T19:32,29,1,647.0,9,0,3,23.9
2026-09-30T19:45,29,1,654.7,9,0,3,23.9
2026-09-30T19:58,29,1,638.6,9,0,3,24.0
2026-09-30T20:11,29,1,652.3,9,0,3,24.0
2026-09-30T20:24,29,1,648.0,9,0,3,24.0
2026-09-30T20:36,29,1,654.0,9,0,3,24.0
2026-09-30T20:49,29,1,637.6,9,0,3,24.1
2026-09-30T21:02,29,1,641.3,9,0,3,24.1
2026-09-30T21:15,29,1,641.9,9,0,3,24.1
2026-09-30T21:27,29,1,642.8,9,0,3,24.0
2026-09-30T21:40,29,1,641.4,9,0,3,24.0
