module,assembly/joint,part_name,shape,model_dims,measured_dims_mm,colour_hex,colour_name,ft_part_no,material,material_confidence,mass_g,key_spec,io_tag,revpi_klemme,plc_channel,function_de,function_en,mech,note,pose_note
hbw,frame,base_plate,box,860.0 x 640.0 x 10.0 mm (L x W x H),,#3a3f44,slate,,aluminium composite plate (ft base plate),assumed - typical ft plate finish,,,,,,,,,"ft base plate, 900 x 620 - the front half is kept clear for the oven / VGR / sorting modules","default pose: travel=665 lift=120 fork=0 (parked, off the rack)"
hbw,rack,rack_post_1,box,30.0 x 70.0 x 420.0 mm (L x W x H),,#2b2b2f,black,,ABS (ft building block red/black),assumed - ft standard block colours,,,,,,,,,ft 30x30 black profile column,"default pose: travel=665 lift=120 fork=0 (parked, off the rack)"
hbw,rack,rack_post_2,box,30.0 x 70.0 x 420.0 mm (L x W x H),,#2b2b2f,black,,ABS (ft building block red/black),assumed - ft standard block colours,,,,,,,,,ft 30x30 black profile column,"default pose: travel=665 lift=120 fork=0 (parked, off the rack)"
hbw,rack,rack_post_3,box,30.0 x 70.0 x 420.0 mm (L x W x H),,#2b2b2f,black,,ABS (ft building block red/black),assumed - ft standard block colours,,,,,,,,,ft 30x30 black profile column,"default pose: travel=665 lift=120 fork=0 (parked, off the rack)"
hbw,rack,rack_post_4,box,30.0 x 70.0 x 420.0 mm (L x W x H),,#2b2b2f,black,,ABS (ft building block red/black),assumed - ft standard block colours,,,,,,,,,ft 30x30 black profile column,"default pose: travel=665 lift=120 fork=0 (parked, off the rack)"
hbw,rack,rack_post_5,box,30.0 x 70.0 x 420.0 mm (L x W x H),,#2b2b2f,black,,ABS (ft building block red/black),assumed - ft standard block colours,,,,,,,,,ft 30x30 black profile column,"default pose: travel=665 lift=120 fork=0 (parked, off the rack)"
hbw,rack,rack_cap_beam,box,510.0 x 70.0 x 15.0 mm (L x W x H),,#2b2b2f,black,,ABS (ft building block red/black),assumed - ft standard block colours,,,,,,,,,,"default pose: travel=665 lift=120 fork=0 (parked, off the rack)"
hbw,rack,shelf_A1_L,box,30.0 x 70.0 x 15.0 mm (L x W x H),,#cf3a2f,red,,ABS (ft building block red/black),assumed - ft standard block colours,,,,,,,,,red shelf bracket; the 40 mm gap between the pair is the passage for the fork table and the Ausleger arm,"default pose: travel=665 lift=120 fork=0 (parked, off the rack)"
hbw,rack,shelf_A1_R,box,30.0 x 70.0 x 15.0 mm (L x W x H),,#cf3a2f,red,,ABS (ft building block red/black),assumed - ft standard block colours,,,,,,,,,red shelf bracket; the 40 mm gap between the pair is the passage for the fork table and the Ausleger arm,"default pose: travel=665 lift=120 fork=0 (parked, off the rack)"
hbw,rack,shelf_B1_L,box,30.0 x 70.0 x 15.0 mm (L x W x H),,#cf3a2f,red,,ABS (ft building block red/black),assumed - ft standard block colours,,,,,,,,,red shelf bracket; the 40 mm gap between the pair is the passage for the fork table and the Ausleger arm,"default pose: travel=665 lift=120 fork=0 (parked, off the rack)"
hbw,rack,shelf_B1_R,box,30.0 x 70.0 x 15.0 mm (L x W x H),,#cf3a2f,red,,ABS (ft building block red/black),assumed - ft standard block colours,,,,,,,,,red shelf bracket; the 40 mm gap between the pair is the passage for the fork table and the Ausleger arm,"default pose: travel=665 lift=120 fork=0 (parked, off the rack)"
hbw,rack,shelf_C1_L,box,30.0 x 70.0 x 15.0 mm (L x W x H),,#cf3a2f,red,,ABS (ft building block red/black),assumed - ft standard block colours,,,,,,,,,red shelf bracket; the 40 mm gap between the pair is the passage for the fork table and the Ausleger arm,"default pose: travel=665 lift=120 fork=0 (parked, off the rack)"
hbw,rack,shelf_C1_R,box,30.0 x 70.0 x 15.0 mm (L x W x H),,#cf3a2f,red,,ABS (ft building block red/black),assumed - ft standard block colours,,,,,,,,,red shelf bracket; the 40 mm gap between the pair is the passage for the fork table and the Ausleger arm,"default pose: travel=665 lift=120 fork=0 (parked, off the rack)"
hbw,rack,shelf_A2_L,box,30.0 x 70.0 x 15.0 mm (L x W x H),,#cf3a2f,red,,ABS (ft building block red/black),assumed - ft standard block colours,,,,,,,,,red shelf bracket; the 40 mm gap between the pair is the passage for the fork table and the Ausleger arm,"default pose: travel=665 lift=120 fork=0 (parked, off the rack)"
hbw,rack,shelf_A2_R,box,30.0 x 70.0 x 15.0 mm (L x W x H),,#cf3a2f,red,,ABS (ft building block red/black),assumed - ft standard block colours,,,,,,,,,red shelf bracket; the 40 mm gap between the pair is the passage for the fork table and the Ausleger arm,"default pose: travel=665 lift=120 fork=0 (parked, off the rack)"
hbw,rack,shelf_B2_L,box,30.0 x 70.0 x 15.0 mm (L x W x H),,#cf3a2f,red,,ABS (ft building block red/black),assumed - ft standard block colours,,,,,,,,,red shelf bracket; the 40 mm gap between the pair is the passage for the fork table and the Ausleger arm,"default pose: travel=665 lift=120 fork=0 (parked, off the rack)"
hbw,rack,shelf_B2_R,box,30.0 x 70.0 x 15.0 mm (L x W x H),,#cf3a2f,red,,ABS (ft building block red/black),assumed - ft standard block colours,,,,,,,,,red shelf bracket; the 40 mm gap between the pair is the passage for the fork table and the Ausleger arm,"default pose: travel=665 lift=120 fork=0 (parked, off the rack)"
hbw,rack,shelf_C2_L,box,30.0 x 70.0 x 15.0 mm (L x W x H),,#cf3a2f,red,,ABS (ft building block red/black),assumed - ft standard block colours,,,,,,,,,red shelf bracket; the 40 mm gap between the pair is the passage for the fork table and the Ausleger arm,"default pose: travel=665 lift=120 fork=0 (parked, off the rack)"
hbw,rack,shelf_C2_R,box,30.0 x 70.0 x 15.0 mm (L x W x H),,#cf3a2f,red,,ABS (ft building block red/black),assumed - ft standard block colours,,,,,,,,,red shelf bracket; the 40 mm gap between the pair is the passage for the fork table and the Ausleger arm,"default pose: travel=665 lift=120 fork=0 (parked, off the rack)"
hbw,rack,shelf_A3_L,box,30.0 x 70.0 x 15.0 mm (L x W x H),,#cf3a2f,red,,ABS (ft building block red/black),assumed - ft standard block colours,,,,,,,,,red shelf bracket; the 40 mm gap between the pair is the passage for the fork table and the Ausleger arm,"default pose: travel=665 lift=120 fork=0 (parked, off the rack)"
hbw,rack,shelf_A3_R,box,30.0 x 70.0 x 15.0 mm (L x W x H),,#cf3a2f,red,,ABS (ft building block red/black),assumed - ft standard block colours,,,,,,,,,red shelf bracket; the 40 mm gap between the pair is the passage for the fork table and the Ausleger arm,"default pose: travel=665 lift=120 fork=0 (parked, off the rack)"
hbw,rack,shelf_B3_L,box,30.0 x 70.0 x 15.0 mm (L x W x H),,#cf3a2f,red,,ABS (ft building block red/black),assumed - ft standard block colours,,,,,,,,,red shelf bracket; the 40 mm gap between the pair is the passage for the fork table and the Ausleger arm,"default pose: travel=665 lift=120 fork=0 (parked, off the rack)"
hbw,rack,shelf_B3_R,box,30.0 x 70.0 x 15.0 mm (L x W x H),,#cf3a2f,red,,ABS (ft building block red/black),assumed - ft standard block colours,,,,,,,,,red shelf bracket; the 40 mm gap between the pair is the passage for the fork table and the Ausleger arm,"default pose: travel=665 lift=120 fork=0 (parked, off the rack)"
hbw,rack,shelf_C3_L,box,30.0 x 70.0 x 15.0 mm (L x W x H),,#cf3a2f,red,,ABS (ft building block red/black),assumed - ft standard block colours,,,,,,,,,red shelf bracket; the 40 mm gap between the pair is the passage for the fork table and the Ausleger arm,"default pose: travel=665 lift=120 fork=0 (parked, off the rack)"
hbw,rack,shelf_C3_R,box,30.0 x 70.0 x 15.0 mm (L x W x H),,#cf3a2f,red,,ABS (ft building block red/black),assumed - ft standard block colours,,,,,,,,,red shelf bracket; the 40 mm gap between the pair is the passage for the fork table and the Ausleger arm,"default pose: travel=665 lift=120 fork=0 (parked, off the rack)"
hbw,rack,shelf_A4_L,box,30.0 x 70.0 x 15.0 mm (L x W x H),,#cf3a2f,red,,ABS (ft building block red/black),assumed - ft standard block colours,,,,,,,,,red shelf bracket; the 40 mm gap between the pair is the passage for the fork table and the Ausleger arm,"default pose: travel=665 lift=120 fork=0 (parked, off the rack)"
hbw,rack,shelf_A4_R,box,30.0 x 70.0 x 15.0 mm (L x W x H),,#cf3a2f,red,,ABS (ft building block red/black),assumed - ft standard block colours,,,,,,,,,red shelf bracket; the 40 mm gap between the pair is the passage for the fork table and the Ausleger arm,"default pose: travel=665 lift=120 fork=0 (parked, off the rack)"
hbw,rack,shelf_B4_L,box,30.0 x 70.0 x 15.0 mm (L x W x H),,#cf3a2f,red,,ABS (ft building block red/black),assumed - ft standard block colours,,,,,,,,,red shelf bracket; the 40 mm gap between the pair is the passage for the fork table and the Ausleger arm,"default pose: travel=665 lift=120 fork=0 (parked, off the rack)"
hbw,rack,shelf_B4_R,box,30.0 x 70.0 x 15.0 mm (L x W x H),,#cf3a2f,red,,ABS (ft building block red/black),assumed - ft standard block colours,,,,,,,,,red shelf bracket; the 40 mm gap between the pair is the passage for the fork table and the Ausleger arm,"default pose: travel=665 lift=120 fork=0 (parked, off the rack)"
hbw,rack,shelf_C4_L,box,30.0 x 70.0 x 15.0 mm (L x W x H),,#cf3a2f,red,,ABS (ft building block red/black),assumed - ft standard block colours,,,,,,,,,red shelf bracket; the 40 mm gap between the pair is the passage for the fork table and the Ausleger arm,"default pose: travel=665 lift=120 fork=0 (parked, off the rack)"
hbw,rack,shelf_C4_R,box,30.0 x 70.0 x 15.0 mm (L x W x H),,#cf3a2f,red,,ABS (ft building block red/black),assumed - ft standard block colours,,,,,,,,,red shelf bracket; the 40 mm gap between the pair is the passage for the fork table and the Ausleger arm,"default pose: travel=665 lift=120 fork=0 (parked, off the rack)"
hbw,mould,mould_A1_base,box,60.0 x 64.0 x 8.0 mm (L x W x H),,#aeb4b8,steel,,ABS / POM (ft grey building parts),assumed,,,,,,,,,"rests on the two shelf brackets; 10 mm bearing each side of the 40 mm fork gap, so the fork lifts it from below","default pose: travel=665 lift=120 fork=0 (parked, off the rack)"
hbw,mould,mould_A1_rim_L,box,5.0 x 64.0 x 12.0 mm (L x W x H),,#aeb4b8,steel,,ABS / POM (ft grey building parts),assumed,,,,,,,,,,"default pose: travel=665 lift=120 fork=0 (parked, off the rack)"
hbw,mould,mould_A1_rim_R,box,5.0 x 64.0 x 12.0 mm (L x W x H),,#aeb4b8,steel,,ABS / POM (ft grey building parts),assumed,,,,,,,,,,"default pose: travel=665 lift=120 fork=0 (parked, off the rack)"
hbw,mould,mould_A1_rim_Fa,box,13.0 x 5.0 x 12.0 mm (L x W x H),,#aeb4b8,steel,,ABS / POM (ft grey building parts),assumed,,,,,,,,,"front rim, split by the 24 mm Aussparung","default pose: travel=665 lift=120 fork=0 (parked, off the rack)"
hbw,mould,mould_A1_rim_Fb,box,13.0 x 5.0 x 12.0 mm (L x W x H),,#aeb4b8,steel,,ABS / POM (ft grey building parts),assumed,,,,,,,,,"front rim, split by the 24 mm Aussparung","default pose: travel=665 lift=120 fork=0 (parked, off the rack)"
hbw,mould,mould_A1_rim_B,box,50.0 x 5.0 x 12.0 mm (L x W x H),,#aeb4b8,steel,,ABS / POM (ft grey building parts),assumed,,,,,,,,,pocket is 50 x 54 - the 45 mm cookie seats with clearance and stands 8 mm proud of the rim for the VGR suction cup,"default pose: travel=665 lift=120 fork=0 (parked, off the rack)"
hbw,workpiece,wp_A1_body,cyl,"cyl, axis z, L=16.0 mm, D=45.0 mm",,#F4F2EC,,,"simulated cookie - no ft part, colour is the pipeline flavour marker",n/a,,,,,,,,,,"default pose: travel=665 lift=120 fork=0 (parked, off the rack)"
hbw,workpiece,wp_A1_lid,cyl,"cyl, axis z, L=4.0 mm, D=45.0 mm",,#F4F2EC,,,"simulated cookie - no ft part, colour is the pipeline flavour marker",n/a,,,,,,,,,,"default pose: travel=665 lift=120 fork=0 (parked, off the rack)"
hbw,mould,mould_A2_base,box,60.0 x 64.0 x 8.0 mm (L x W x H),,#aeb4b8,steel,,ABS / POM (ft grey building parts),assumed,,,,,,,,,"rests on the two shelf brackets; 10 mm bearing each side of the 40 mm fork gap, so the fork lifts it from below","default pose: travel=665 lift=120 fork=0 (parked, off the rack)"
hbw,mould,mould_A2_rim_L,box,5.0 x 64.0 x 12.0 mm (L x W x H),,#aeb4b8,steel,,ABS / POM (ft grey building parts),assumed,,,,,,,,,,"default pose: travel=665 lift=120 fork=0 (parked, off the rack)"
hbw,mould,mould_A2_rim_R,box,5.0 x 64.0 x 12.0 mm (L x W x H),,#aeb4b8,steel,,ABS / POM (ft grey building parts),assumed,,,,,,,,,,"default pose: travel=665 lift=120 fork=0 (parked, off the rack)"
hbw,mould,mould_A2_rim_Fa,box,13.0 x 5.0 x 12.0 mm (L x W x H),,#aeb4b8,steel,,ABS / POM (ft grey building parts),assumed,,,,,,,,,"front rim, split by the 24 mm Aussparung","default pose: travel=665 lift=120 fork=0 (parked, off the rack)"
hbw,mould,mould_A2_rim_Fb,box,13.0 x 5.0 x 12.0 mm (L x W x H),,#aeb4b8,steel,,ABS / POM (ft grey building parts),assumed,,,,,,,,,"front rim, split by the 24 mm Aussparung","default pose: travel=665 lift=120 fork=0 (parked, off the rack)"
hbw,mould,mould_A2_rim_B,box,50.0 x 5.0 x 12.0 mm (L x W x H),,#aeb4b8,steel,,ABS / POM (ft grey building parts),assumed,,,,,,,,,pocket is 50 x 54 - the 45 mm cookie seats with clearance and stands 8 mm proud of the rim for the VGR suction cup,"default pose: travel=665 lift=120 fork=0 (parked, off the rack)"
hbw,workpiece,wp_A2_body,cyl,"cyl, axis z, L=16.0 mm, D=45.0 mm",,#F4F2EC,,,"simulated cookie - no ft part, colour is the pipeline flavour marker",n/a,,,,,,,,,,"default pose: travel=665 lift=120 fork=0 (parked, off the rack)"
hbw,workpiece,wp_A2_lid,cyl,"cyl, axis z, L=4.0 mm, D=45.0 mm",,#F4F2EC,,,"simulated cookie - no ft part, colour is the pipeline flavour marker",n/a,,,,,,,,,,"default pose: travel=665 lift=120 fork=0 (parked, off the rack)"
hbw,mould,mould_A3_base,box,60.0 x 64.0 x 8.0 mm (L x W x H),,#aeb4b8,steel,,ABS / POM (ft grey building parts),assumed,,,,,,,,,"rests on the two shelf brackets; 10 mm bearing each side of the 40 mm fork gap, so the fork lifts it from below","default pose: travel=665 lift=120 fork=0 (parked, off the rack)"
hbw,mould,mould_A3_rim_L,box,5.0 x 64.0 x 12.0 mm (L x W x H),,#aeb4b8,steel,,ABS / POM (ft grey building parts),assumed,,,,,,,,,,"default pose: travel=665 lift=120 fork=0 (parked, off the rack)"
hbw,mould,mould_A3_rim_R,box,5.0 x 64.0 x 12.0 mm (L x W x H),,#aeb4b8,steel,,ABS / POM (ft grey building parts),assumed,,,,,,,,,,"default pose: travel=665 lift=120 fork=0 (parked, off the rack)"
hbw,mould,mould_A3_rim_Fa,box,13.0 x 5.0 x 12.0 mm (L x W x H),,#aeb4b8,steel,,ABS / POM (ft grey building parts),assumed,,,,,,,,,"front rim, split by the 24 mm Aussparung","default pose: travel=665 lift=120 fork=0 (parked, off the rack)"
hbw,mould,mould_A3_rim_Fb,box,13.0 x 5.0 x 12.0 mm (L x W x H),,#aeb4b8,steel,,ABS / POM (ft grey building parts),assumed,,,,,,,,,"front rim, split by the 24 mm Aussparung","default pose: travel=665 lift=120 fork=0 (parked, off the rack)"
hbw,mould,mould_A3_rim_B,box,50.0 x 5.0 x 12.0 mm (L x W x H),,#aeb4b8,steel,,ABS / POM (ft grey building parts),assumed,,,,,,,,,pocket is 50 x 54 - the 45 mm cookie seats with clearance and stands 8 mm proud of the rim for the VGR suction cup,"default pose: travel=665 lift=120 fork=0 (parked, off the rack)"
hbw,workpiece,wp_A3_body,cyl,"cyl, axis z, L=16.0 mm, D=45.0 mm",,#F4F2EC,,,"simulated cookie - no ft part, colour is the pipeline flavour marker",n/a,,,,,,,,,,"default pose: travel=665 lift=120 fork=0 (parked, off the rack)"
hbw,workpiece,wp_A3_lid,cyl,"cyl, axis z, L=4.0 mm, D=45.0 mm",,#F4F2EC,,,"simulated cookie - no ft part, colour is the pipeline flavour marker",n/a,,,,,,,,,,"default pose: travel=665 lift=120 fork=0 (parked, off the rack)"
hbw,mould,mould_A4_base,box,60.0 x 64.0 x 8.0 mm (L x W x H),,#aeb4b8,steel,,ABS / POM (ft grey building parts),assumed,,,,,,,,,"rests on the two shelf brackets; 10 mm bearing each side of the 40 mm fork gap, so the fork lifts it from below","default pose: travel=665 lift=120 fork=0 (parked, off the rack)"
hbw,mould,mould_A4_rim_L,box,5.0 x 64.0 x 12.0 mm (L x W x H),,#aeb4b8,steel,,ABS / POM (ft grey building parts),assumed,,,,,,,,,,"default pose: travel=665 lift=120 fork=0 (parked, off the rack)"
hbw,mould,mould_A4_rim_R,box,5.0 x 64.0 x 12.0 mm (L x W x H),,#aeb4b8,steel,,ABS / POM (ft grey building parts),assumed,,,,,,,,,,"default pose: travel=665 lift=120 fork=0 (parked, off the rack)"
hbw,mould,mould_A4_rim_Fa,box,13.0 x 5.0 x 12.0 mm (L x W x H),,#aeb4b8,steel,,ABS / POM (ft grey building parts),assumed,,,,,,,,,"front rim, split by the 24 mm Aussparung","default pose: travel=665 lift=120 fork=0 (parked, off the rack)"
hbw,mould,mould_A4_rim_Fb,box,13.0 x 5.0 x 12.0 mm (L x W x H),,#aeb4b8,steel,,ABS / POM (ft grey building parts),assumed,,,,,,,,,"front rim, split by the 24 mm Aussparung","default pose: travel=665 lift=120 fork=0 (parked, off the rack)"
hbw,mould,mould_A4_rim_B,box,50.0 x 5.0 x 12.0 mm (L x W x H),,#aeb4b8,steel,,ABS / POM (ft grey building parts),assumed,,,,,,,,,pocket is 50 x 54 - the 45 mm cookie seats with clearance and stands 8 mm proud of the rim for the VGR suction cup,"default pose: travel=665 lift=120 fork=0 (parked, off the rack)"
hbw,workpiece,wp_A4_body,cyl,"cyl, axis z, L=16.0 mm, D=45.0 mm",,#F4F2EC,,,"simulated cookie - no ft part, colour is the pipeline flavour marker",n/a,,,,,,,,,,"default pose: travel=665 lift=120 fork=0 (parked, off the rack)"
hbw,workpiece,wp_A4_lid,cyl,"cyl, axis z, L=4.0 mm, D=45.0 mm",,#F4F2EC,,,"simulated cookie - no ft part, colour is the pipeline flavour marker",n/a,,,,,,,,,,"default pose: travel=665 lift=120 fork=0 (parked, off the rack)"
hbw,mould,mould_B1_base,box,60.0 x 64.0 x 8.0 mm (L x W x H),,#aeb4b8,steel,,ABS / POM (ft grey building parts),assumed,,,,,,,,,"rests on the two shelf brackets; 10 mm bearing each side of the 40 mm fork gap, so the fork lifts it from below","default pose: travel=665 lift=120 fork=0 (parked, off the rack)"
hbw,mould,mould_B1_rim_L,box,5.0 x 64.0 x 12.0 mm (L x W x H),,#aeb4b8,steel,,ABS / POM (ft grey building parts),assumed,,,,,,,,,,"default pose: travel=665 lift=120 fork=0 (parked, off the rack)"
hbw,mould,mould_B1_rim_R,box,5.0 x 64.0 x 12.0 mm (L x W x H),,#aeb4b8,steel,,ABS / POM (ft grey building parts),assumed,,,,,,,,,,"default pose: travel=665 lift=120 fork=0 (parked, off the rack)"
hbw,mould,mould_B1_rim_Fa,box,13.0 x 5.0 x 12.0 mm (L x W x H),,#aeb4b8,steel,,ABS / POM (ft grey building parts),assumed,,,,,,,,,"front rim, split by the 24 mm Aussparung","default pose: travel=665 lift=120 fork=0 (parked, off the rack)"
hbw,mould,mould_B1_rim_Fb,box,13.0 x 5.0 x 12.0 mm (L x W x H),,#aeb4b8,steel,,ABS / POM (ft grey building parts),assumed,,,,,,,,,"front rim, split by the 24 mm Aussparung","default pose: travel=665 lift=120 fork=0 (parked, off the rack)"
hbw,mould,mould_B1_rim_B,box,50.0 x 5.0 x 12.0 mm (L x W x H),,#aeb4b8,steel,,ABS / POM (ft grey building parts),assumed,,,,,,,,,pocket is 50 x 54 - the 45 mm cookie seats with clearance and stands 8 mm proud of the rim for the VGR suction cup,"default pose: travel=665 lift=120 fork=0 (parked, off the rack)"
hbw,workpiece,wp_B1_body,cyl,"cyl, axis z, L=16.0 mm, D=45.0 mm",,#F4F2EC,,,"simulated cookie - no ft part, colour is the pipeline flavour marker",n/a,,,,,,,,,,"default pose: travel=665 lift=120 fork=0 (parked, off the rack)"
hbw,workpiece,wp_B1_lid,cyl,"cyl, axis z, L=4.0 mm, D=45.0 mm",,#F4F2EC,,,"simulated cookie - no ft part, colour is the pipeline flavour marker",n/a,,,,,,,,,,"default pose: travel=665 lift=120 fork=0 (parked, off the rack)"
hbw,mould,mould_B2_base,box,60.0 x 64.0 x 8.0 mm (L x W x H),,#aeb4b8,steel,,ABS / POM (ft grey building parts),assumed,,,,,,,,,"rests on the two shelf brackets; 10 mm bearing each side of the 40 mm fork gap, so the fork lifts it from below","default pose: travel=665 lift=120 fork=0 (parked, off the rack)"
hbw,mould,mould_B2_rim_L,box,5.0 x 64.0 x 12.0 mm (L x W x H),,#aeb4b8,steel,,ABS / POM (ft grey building parts),assumed,,,,,,,,,,"default pose: travel=665 lift=120 fork=0 (parked, off the rack)"
hbw,mould,mould_B2_rim_R,box,5.0 x 64.0 x 12.0 mm (L x W x H),,#aeb4b8,steel,,ABS / POM (ft grey building parts),assumed,,,,,,,,,,"default pose: travel=665 lift=120 fork=0 (parked, off the rack)"
hbw,mould,mould_B2_rim_Fa,box,13.0 x 5.0 x 12.0 mm (L x W x H),,#aeb4b8,steel,,ABS / POM (ft grey building parts),assumed,,,,,,,,,"front rim, split by the 24 mm Aussparung","default pose: travel=665 lift=120 fork=0 (parked, off the rack)"
hbw,mould,mould_B2_rim_Fb,box,13.0 x 5.0 x 12.0 mm (L x W x H),,#aeb4b8,steel,,ABS / POM (ft grey building parts),assumed,,,,,,,,,"front rim, split by the 24 mm Aussparung","default pose: travel=665 lift=120 fork=0 (parked, off the rack)"
hbw,mould,mould_B2_rim_B,box,50.0 x 5.0 x 12.0 mm (L x W x H),,#aeb4b8,steel,,ABS / POM (ft grey building parts),assumed,,,,,,,,,pocket is 50 x 54 - the 45 mm cookie seats with clearance and stands 8 mm proud of the rim for the VGR suction cup,"default pose: travel=665 lift=120 fork=0 (parked, off the rack)"
hbw,workpiece,wp_B2_body,cyl,"cyl, axis z, L=16.0 mm, D=45.0 mm",,#F4F2EC,,,"simulated cookie - no ft part, colour is the pipeline flavour marker",n/a,,,,,,,,,,"default pose: travel=665 lift=120 fork=0 (parked, off the rack)"
hbw,workpiece,wp_B2_lid,cyl,"cyl, axis z, L=4.0 mm, D=45.0 mm",,#F4F2EC,,,"simulated cookie - no ft part, colour is the pipeline flavour marker",n/a,,,,,,,,,,"default pose: travel=665 lift=120 fork=0 (parked, off the rack)"
hbw,mould,mould_B3_base,box,60.0 x 64.0 x 8.0 mm (L x W x H),,#aeb4b8,steel,,ABS / POM (ft grey building parts),assumed,,,,,,,,,"rests on the two shelf brackets; 10 mm bearing each side of the 40 mm fork gap, so the fork lifts it from below","default pose: travel=665 lift=120 fork=0 (parked, off the rack)"
hbw,mould,mould_B3_rim_L,box,5.0 x 64.0 x 12.0 mm (L x W x H),,#aeb4b8,steel,,ABS / POM (ft grey building parts),assumed,,,,,,,,,,"default pose: travel=665 lift=120 fork=0 (parked, off the rack)"
hbw,mould,mould_B3_rim_R,box,5.0 x 64.0 x 12.0 mm (L x W x H),,#aeb4b8,steel,,ABS / POM (ft grey building parts),assumed,,,,,,,,,,"default pose: travel=665 lift=120 fork=0 (parked, off the rack)"
hbw,mould,mould_B3_rim_Fa,box,13.0 x 5.0 x 12.0 mm (L x W x H),,#aeb4b8,steel,,ABS / POM (ft grey building parts),assumed,,,,,,,,,"front rim, split by the 24 mm Aussparung","default pose: travel=665 lift=120 fork=0 (parked, off the rack)"
hbw,mould,mould_B3_rim_Fb,box,13.0 x 5.0 x 12.0 mm (L x W x H),,#aeb4b8,steel,,ABS / POM (ft grey building parts),assumed,,,,,,,,,"front rim, split by the 24 mm Aussparung","default pose: travel=665 lift=120 fork=0 (parked, off the rack)"
hbw,mould,mould_B3_rim_B,box,50.0 x 5.0 x 12.0 mm (L x W x H),,#aeb4b8,steel,,ABS / POM (ft grey building parts),assumed,,,,,,,,,pocket is 50 x 54 - the 45 mm cookie seats with clearance and stands 8 mm proud of the rim for the VGR suction cup,"default pose: travel=665 lift=120 fork=0 (parked, off the rack)"
hbw,workpiece,wp_B3_body,cyl,"cyl, axis z, L=16.0 mm, D=45.0 mm",,#F4F2EC,,,"simulated cookie - no ft part, colour is the pipeline flavour marker",n/a,,,,,,,,,,"default pose: travel=665 lift=120 fork=0 (parked, off the rack)"
hbw,workpiece,wp_B3_lid,cyl,"cyl, axis z, L=4.0 mm, D=45.0 mm",,#F4F2EC,,,"simulated cookie - no ft part, colour is the pipeline flavour marker",n/a,,,,,,,,,,"default pose: travel=665 lift=120 fork=0 (parked, off the rack)"
hbw,mould,mould_B4_base,box,60.0 x 64.0 x 8.0 mm (L x W x H),,#aeb4b8,steel,,ABS / POM (ft grey building parts),assumed,,,,,,,,,"rests on the two shelf brackets; 10 mm bearing each side of the 40 mm fork gap, so the fork lifts it from below","default pose: travel=665 lift=120 fork=0 (parked, off the rack)"
hbw,mould,mould_B4_rim_L,box,5.0 x 64.0 x 12.0 mm (L x W x H),,#aeb4b8,steel,,ABS / POM (ft grey building parts),assumed,,,,,,,,,,"default pose: travel=665 lift=120 fork=0 (parked, off the rack)"
hbw,mould,mould_B4_rim_R,box,5.0 x 64.0 x 12.0 mm (L x W x H),,#aeb4b8,steel,,ABS / POM (ft grey building parts),assumed,,,,,,,,,,"default pose: travel=665 lift=120 fork=0 (parked, off the rack)"
hbw,mould,mould_B4_rim_Fa,box,13.0 x 5.0 x 12.0 mm (L x W x H),,#aeb4b8,steel,,ABS / POM (ft grey building parts),assumed,,,,,,,,,"front rim, split by the 24 mm Aussparung","default pose: travel=665 lift=120 fork=0 (parked, off the rack)"
hbw,mould,mould_B4_rim_Fb,box,13.0 x 5.0 x 12.0 mm (L x W x H),,#aeb4b8,steel,,ABS / POM (ft grey building parts),assumed,,,,,,,,,"front rim, split by the 24 mm Aussparung","default pose: travel=665 lift=120 fork=0 (parked, off the rack)"
hbw,mould,mould_B4_rim_B,box,50.0 x 5.0 x 12.0 mm (L x W x H),,#aeb4b8,steel,,ABS / POM (ft grey building parts),assumed,,,,,,,,,pocket is 50 x 54 - the 45 mm cookie seats with clearance and stands 8 mm proud of the rim for the VGR suction cup,"default pose: travel=665 lift=120 fork=0 (parked, off the rack)"
hbw,workpiece,wp_B4_body,cyl,"cyl, axis z, L=16.0 mm, D=45.0 mm",,#F4F2EC,,,"simulated cookie - no ft part, colour is the pipeline flavour marker",n/a,,,,,,,,,,"default pose: travel=665 lift=120 fork=0 (parked, off the rack)"
hbw,workpiece,wp_B4_lid,cyl,"cyl, axis z, L=4.0 mm, D=45.0 mm",,#F4F2EC,,,"simulated cookie - no ft part, colour is the pipeline flavour marker",n/a,,,,,,,,,,"default pose: travel=665 lift=120 fork=0 (parked, off the rack)"
hbw,mould,mould_C1_base,box,60.0 x 64.0 x 8.0 mm (L x W x H),,#aeb4b8,steel,,ABS / POM (ft grey building parts),assumed,,,,,,,,,"rests on the two shelf brackets; 10 mm bearing each side of the 40 mm fork gap, so the fork lifts it from below","default pose: travel=665 lift=120 fork=0 (parked, off the rack)"
hbw,mould,mould_C1_rim_L,box,5.0 x 64.0 x 12.0 mm (L x W x H),,#aeb4b8,steel,,ABS / POM (ft grey building parts),assumed,,,,,,,,,,"default pose: travel=665 lift=120 fork=0 (parked, off the rack)"
hbw,mould,mould_C1_rim_R,box,5.0 x 64.0 x 12.0 mm (L x W x H),,#aeb4b8,steel,,ABS / POM (ft grey building parts),assumed,,,,,,,,,,"default pose: travel=665 lift=120 fork=0 (parked, off the rack)"
hbw,mould,mould_C1_rim_Fa,box,13.0 x 5.0 x 12.0 mm (L x W x H),,#aeb4b8,steel,,ABS / POM (ft grey building parts),assumed,,,,,,,,,"front rim, split by the 24 mm Aussparung","default pose: travel=665 lift=120 fork=0 (parked, off the rack)"
hbw,mould,mould_C1_rim_Fb,box,13.0 x 5.0 x 12.0 mm (L x W x H),,#aeb4b8,steel,,ABS / POM (ft grey building parts),assumed,,,,,,,,,"front rim, split by the 24 mm Aussparung","default pose: travel=665 lift=120 fork=0 (parked, off the rack)"
hbw,mould,mould_C1_rim_B,box,50.0 x 5.0 x 12.0 mm (L x W x H),,#aeb4b8,steel,,ABS / POM (ft grey building parts),assumed,,,,,,,,,pocket is 50 x 54 - the 45 mm cookie seats with clearance and stands 8 mm proud of the rim for the VGR suction cup,"default pose: travel=665 lift=120 fork=0 (parked, off the rack)"
hbw,workpiece,wp_C1_body,cyl,"cyl, axis z, L=16.0 mm, D=45.0 mm",,#F4F2EC,,,"simulated cookie - no ft part, colour is the pipeline flavour marker",n/a,,,,,,,,,,"default pose: travel=665 lift=120 fork=0 (parked, off the rack)"
hbw,workpiece,wp_C1_lid,cyl,"cyl, axis z, L=4.0 mm, D=45.0 mm",,#F4F2EC,,,"simulated cookie - no ft part, colour is the pipeline flavour marker",n/a,,,,,,,,,,"default pose: travel=665 lift=120 fork=0 (parked, off the rack)"
hbw,mould,mould_C2_base,box,60.0 x 64.0 x 8.0 mm (L x W x H),,#aeb4b8,steel,,ABS / POM (ft grey building parts),assumed,,,,,,,,,"rests on the two shelf brackets; 10 mm bearing each side of the 40 mm fork gap, so the fork lifts it from below","default pose: travel=665 lift=120 fork=0 (parked, off the rack)"
hbw,mould,mould_C2_rim_L,box,5.0 x 64.0 x 12.0 mm (L x W x H),,#aeb4b8,steel,,ABS / POM (ft grey building parts),assumed,,,,,,,,,,"default pose: travel=665 lift=120 fork=0 (parked, off the rack)"
hbw,mould,mould_C2_rim_R,box,5.0 x 64.0 x 12.0 mm (L x W x H),,#aeb4b8,steel,,ABS / POM (ft grey building parts),assumed,,,,,,,,,,"default pose: travel=665 lift=120 fork=0 (parked, off the rack)"
hbw,mould,mould_C2_rim_Fa,box,13.0 x 5.0 x 12.0 mm (L x W x H),,#aeb4b8,steel,,ABS / POM (ft grey building parts),assumed,,,,,,,,,"front rim, split by the 24 mm Aussparung","default pose: travel=665 lift=120 fork=0 (parked, off the rack)"
hbw,mould,mould_C2_rim_Fb,box,13.0 x 5.0 x 12.0 mm (L x W x H),,#aeb4b8,steel,,ABS / POM (ft grey building parts),assumed,,,,,,,,,"front rim, split by the 24 mm Aussparung","default pose: travel=665 lift=120 fork=0 (parked, off the rack)"
hbw,mould,mould_C2_rim_B,box,50.0 x 5.0 x 12.0 mm (L x W x H),,#aeb4b8,steel,,ABS / POM (ft grey building parts),assumed,,,,,,,,,pocket is 50 x 54 - the 45 mm cookie seats with clearance and stands 8 mm proud of the rim for the VGR suction cup,"default pose: travel=665 lift=120 fork=0 (parked, off the rack)"
hbw,mould,mould_C3_base,box,60.0 x 64.0 x 8.0 mm (L x W x H),,#aeb4b8,steel,,ABS / POM (ft grey building parts),assumed,,,,,,,,,"rests on the two shelf brackets; 10 mm bearing each side of the 40 mm fork gap, so the fork lifts it from below","default pose: travel=665 lift=120 fork=0 (parked, off the rack)"
hbw,mould,mould_C3_rim_L,box,5.0 x 64.0 x 12.0 mm (L x W x H),,#aeb4b8,steel,,ABS / POM (ft grey building parts),assumed,,,,,,,,,,"default pose: travel=665 lift=120 fork=0 (parked, off the rack)"
hbw,mould,mould_C3_rim_R,box,5.0 x 64.0 x 12.0 mm (L x W x H),,#aeb4b8,steel,,ABS / POM (ft grey building parts),assumed,,,,,,,,,,"default pose: travel=665 lift=120 fork=0 (parked, off the rack)"
hbw,mould,mould_C3_rim_Fa,box,13.0 x 5.0 x 12.0 mm (L x W x H),,#aeb4b8,steel,,ABS / POM (ft grey building parts),assumed,,,,,,,,,"front rim, split by the 24 mm Aussparung","default pose: travel=665 lift=120 fork=0 (parked, off the rack)"
hbw,mould,mould_C3_rim_Fb,box,13.0 x 5.0 x 12.0 mm (L x W x H),,#aeb4b8,steel,,ABS / POM (ft grey building parts),assumed,,,,,,,,,"front rim, split by the 24 mm Aussparung","default pose: travel=665 lift=120 fork=0 (parked, off the rack)"
hbw,mould,mould_C3_rim_B,box,50.0 x 5.0 x 12.0 mm (L x W x H),,#aeb4b8,steel,,ABS / POM (ft grey building parts),assumed,,,,,,,,,pocket is 50 x 54 - the 45 mm cookie seats with clearance and stands 8 mm proud of the rim for the VGR suction cup,"default pose: travel=665 lift=120 fork=0 (parked, off the rack)"
hbw,rail,rail_block_L,box,30.0 x 60.0 x 45.0 mm (L x W x H),,#cf3a2f,red,,aluminium (rails/spindles) + ABS (mounts),assumed,,,,,,,,,,"default pose: travel=665 lift=120 fork=0 (parked, off the rack)"
hbw,rail,rail_block_R,box,30.0 x 60.0 x 45.0 mm (L x W x H),,#cf3a2f,red,,aluminium (rails/spindles) + ABS (mounts),assumed,,,,,,,,,,"default pose: travel=665 lift=120 fork=0 (parked, off the rack)"
hbw,rail,guide_rod,cyl,"cyl, axis x, L=750.0 mm, D=8.0 mm",,#aeb4b8,steel,,aluminium (rails/spindles) + ABS (mounts),assumed,,,,,,,,,,"default pose: travel=665 lift=120 fork=0 (parked, off the rack)"
hbw,rail,travel_spindle,cyl,"cyl, axis x, L=690.0 mm, D=12.0 mm",,#cf3a2f,red,,aluminium (rails/spindles) + ABS (mounts),assumed,,,,,,,,thread:travel,"threaded spindle, 4 mm pitch -> 18.75 pulses/mm","default pose: travel=665 lift=120 fork=0 (parked, off the rack)"
hbw,rail,M2_mount,box,60.0 x 30.0 x 15.0 mm (L x W x H),,#cf3a2f,red,,aluminium (rails/spindles) + ABS (mounts),assumed,,,,,,,,,,"default pose: travel=665 lift=120 fork=0 (parked, off the rack)"
hbw,rail,M2_travel_motor,box,60.0 x 30.0 x 30.0 mm (L x W x H),,#e0492f,ftred,144643,ABS housing / steel gears (ft standard),datasheet: 144643-Encodermotor24V.pdf,,"24 VDC, quadrature encoder push-pull 0/24V max 10 mA / 1 kHz, 4-pin header; shaft D4 x L7.5 mm with 2 flats 0.7 mm; no-load 440 rpm, stall 1800 g.cm, max 0.60 A, max 2.03 W (T-N-I chart, datasheet p.1)",Q3/Q4 + B1/B2,Q3:19; Q4:20; B1:11; B2:12,Q3:OUT 3; Q4:OUT 4; B1:IN 7 (counter); B2:IN 8 (counter),Motor horizontal zum Regal (M2); Motor horizontal zum Foerderband (M2); Encoder horizontal Impuls 1; Encoder horizontal Impuls 2,travel motor towards rack; travel motor towards belt; encoder horizontal impulse 1; encoder horizontal impulse 2,motor:travel,"Encodermotor 24V 144643, 60x30x30, shaft D4 x L7.5 out of the 30x30 end face; Q3 = towards rack, Q4 = towards conveyor","default pose: travel=665 lift=120 fork=0 (parked, off the rack)"
hbw,rail,M2_coupler,cyl,"cyl, axis x, L=14.0 mm, D=16.0 mm",,#aeb4b8,steel,,aluminium (rails/spindles) + ABS (mounts),assumed,,,,,,,,spin:travel,shaft coupling onto the travel spindle,"default pose: travel=665 lift=120 fork=0 (parked, off the rack)"
hbw,rail,I1_post,box,30.0 x 15.0 x 20.0 mm (L x W x H),,#cf3a2f,red,,aluminium (rails/spindles) + ABS (mounts),assumed,,,,,,,,,,"default pose: travel=665 lift=120 fork=0 (parked, off the rack)"
hbw,rail,I1_ref_horizontal,box,30.0 x 15.0 x 7.5 mm (L x W x H),,#1b8f52,green,37783,ABS housing,datasheet: 37783-Mini-switch.pdf,3.4,"digital 0/1, 2A/50V switching, NO/NC selectable by contact 1-3 vs 1-2",I1,I1:5,I1:IN 1,Referenztaster horizontal,reference switch horizontal axis,,"Mini-Taster 37783, struck by the carriage at the conveyor end","default pose: travel=665 lift=120 fork=0 (parked, off the rack)"
hbw,travel,travel_carriage,box,50.0 x 90.0 x 40.0 mm (L x W x H),,#cf3a2f,red,,aluminium (tubes/spindles) + ABS (yokes),assumed,,,,,,,,,,"default pose: travel=665 lift=120 fork=0 (parked, off the rack)"
hbw,travel,mast_outrigger,box,100.0 x 50.0 x 10.0 mm (L x W x H),,#cf3a2f,red,,aluminium (tubes/spindles) + ABS (yokes),assumed,,,,,,,,,splays the mast out past the load; sits above the rail bearing blocks so the crane can still reach bay 1,"default pose: travel=665 lift=120 fork=0 (parked, off the rack)"
hbw,travel,mast_tube_1,cyl,"cyl, axis z, L=410.0 mm, D=10.0 mm",,#d6d9da,alu,,aluminium (tubes/spindles) + ABS (yokes),assumed,,,,,,,,,,"default pose: travel=665 lift=120 fork=0 (parked, off the rack)"
hbw,travel,mast_tube_2,cyl,"cyl, axis z, L=410.0 mm, D=10.0 mm",,#d6d9da,alu,,aluminium (tubes/spindles) + ABS (yokes),assumed,,,,,,,,,,"default pose: travel=665 lift=120 fork=0 (parked, off the rack)"
hbw,travel,mast_tube_3,cyl,"cyl, axis z, L=410.0 mm, D=10.0 mm",,#d6d9da,alu,,aluminium (tubes/spindles) + ABS (yokes),assumed,,,,,,,,,,"default pose: travel=665 lift=120 fork=0 (parked, off the rack)"
hbw,travel,mast_tube_4,cyl,"cyl, axis z, L=410.0 mm, D=10.0 mm",,#d6d9da,alu,,aluminium (tubes/spindles) + ABS (yokes),assumed,,,,,,,,,,"default pose: travel=665 lift=120 fork=0 (parked, off the rack)"
hbw,travel,mast_top_plate,box,120.0 x 80.0 x 15.0 mm (L x W x H),,#2b2b2f,black,,aluminium (tubes/spindles) + ABS (yokes),assumed,,,,,,,,,,"default pose: travel=665 lift=120 fork=0 (parked, off the rack)"
hbw,travel,lift_spindle,cyl,"cyl, axis z, L=410.0 mm, D=12.0 mm",,#cf3a2f,red,,aluminium (tubes/spindles) + ABS (yokes),assumed,,,,,,,,thread:lift,"vertical spindle, 4 mm pitch, offset onto the left tube column so it is not in the load's path","default pose: travel=665 lift=120 fork=0 (parked, off the rack)"
hbw,travel,M3_lift_motor,box,30.0 x 30.0 x 60.0 mm (L x W x H),,#e0492f,ftred,144643,ABS housing / steel gears (ft standard),datasheet: 144643-Encodermotor24V.pdf,,"24 VDC, quadrature encoder push-pull 0/24V max 10 mA / 1 kHz, 4-pin header; shaft D4 x L7.5 mm with 2 flats 0.7 mm; no-load 440 rpm, stall 1800 g.cm, max 0.60 A, max 2.03 W (T-N-I chart, datasheet p.1)",Q5/Q6 + B3/B4,Q5:21; Q6:22; B3:13; B4:14,Q5:OUT 5; Q6:OUT 6; B3:IN 9 (counter); B4:IN 10 (counter),Motor vertikal runter (M3); Motor vertikal hoch (M3); Encoder vertikal Impuls 1; Encoder vertikal Impuls 2,lift motor down; lift motor up; encoder vertical impulse 1; encoder vertical impulse 2,motor:lift,"Encodermotor 144643 upright on the mast head, shaft down onto the lift spindle","default pose: travel=665 lift=120 fork=0 (parked, off the rack)"
hbw,travel,M3_coupler,cyl,"cyl, axis z, L=14.0 mm, D=16.0 mm",,#aeb4b8,steel,,aluminium (tubes/spindles) + ABS (yokes),assumed,,,,,,,,spin:lift,,"default pose: travel=665 lift=120 fork=0 (parked, off the rack)"
hbw,travel,I4_ref_vertical,box,30.0 x 15.0 x 7.5 mm (L x W x H),,#1b8f52,green,37783,ABS housing,datasheet: 37783-Mini-switch.pdf,3.4,"digital 0/1, 2A/50V switching, NO/NC selectable by contact 1-3 vs 1-2",I4,I4:8,I4:IN 4,Referenztaster vertikal,reference switch vertical axis,,"Mini-Taster 37783, struck by the lift carriage at the top","default pose: travel=665 lift=120 fork=0 (parked, off the rack)"
hbw,lift,lift_carriage_L,box,16.0 x 70.0 x 60.0 mm (L x W x H),,#2b2b2f,black,,aluminium (tubes/spindles) + ABS (yokes),assumed,,,,,,,,,one leg of the straddle carriage; the load passes between them,"default pose: travel=665 lift=120 fork=0 (parked, off the rack)"
hbw,lift,lift_carriage_R,box,16.0 x 70.0 x 60.0 mm (L x W x H),,#2b2b2f,black,,aluminium (tubes/spindles) + ABS (yokes),assumed,,,,,,,,,one leg of the straddle carriage; the load passes between them,"default pose: travel=665 lift=120 fork=0 (parked, off the rack)"
hbw,lift,lift_carriage_yoke,box,100.0 x 70.0 x 15.0 mm (L x W x H),,#2b2b2f,black,,aluminium (tubes/spindles) + ABS (yokes),assumed,,,,,,,,,"ties the two legs ABOVE the cookie (top of a loaded mould is lift+38, the yoke starts at lift+45)","default pose: travel=665 lift=120 fork=0 (parked, off the rack)"
hbw,lift,fork_yoke,box,100.0 x 50.0 x 20.0 mm (L x W x H),,#cf3a2f,red,,aluminium (tubes/spindles) + ABS (yokes),assumed,,,,,,,,,"carries the Ausleger down the centreline, below the table face","default pose: travel=665 lift=120 fork=0 (parked, off the rack)"
hbw,lift,ausleger_stage1,box,28.0 x 160.0 x 20.0 mm (L x W x H),,#2b2b2f,black,,aluminium (Ausleger stages) + ABS bearings,assumed,,,,,,,,,"fixed guide of the telescope; 28 wide so it passes the 40 mm shelf gap, and its TOP face is the table's underside - nothing in the arm rises above the face that carries the mould","default pose: travel=665 lift=120 fork=0 (parked, off the rack)"
hbw,lift,M4_fork_motor,box,30.0 x 60.0 x 30.0 mm (L x W x H),,#e0492f,ftred,S-24V,"ABS housing, U-Getriebe",datasheet: 536634-Fabrik_Simulation_24V.pdf p.9,,"24 VDC, max 300 mA, 5 mNm, 10700 rpm no-load, U-Getriebe 64.8:1 side output",Q7/Q8,Q7:23; Q8:24,Q7:OUT 7; Q8:OUT 8,Motor Ausleger vorwaerts (M4); Motor Ausleger rueckwarts (M4),fork motor forward; fork motor backward,motor:fork,"Encodermotor 144643, coaxial with the Ausleger spindle","default pose: travel=665 lift=120 fork=0 (parked, off the rack)"
hbw,lift,ausleger_spindle,cyl,"cyl, axis y, L=220.0 mm, D=8.0 mm",,#aeb4b8,steel,,aluminium (Ausleger stages) + ABS bearings,assumed,,,,,,,,thread:fork,"4 mm pitch; the 60 mm between the motor and stage 1 is exposed thread, and it never rises above the fork table plane","default pose: travel=665 lift=120 fork=0 (parked, off the rack)"
hbw,lift,ausleger_bearing_B,box,18.0 x 12.0 x 12.0 mm (L x W x H),,#cf3a2f,red,,aluminium (Ausleger stages) + ABS bearings,assumed,,,,,,,,,,"default pose: travel=665 lift=120 fork=0 (parked, off the rack)"
hbw,lift,ausleger_bearing_F,box,18.0 x 12.0 x 12.0 mm (L x W x H),,#cf3a2f,red,,aluminium (Ausleger stages) + ABS bearings,assumed,,,,,,,,,,"default pose: travel=665 lift=120 fork=0 (parked, off the rack)"
hbw,fork,ausleger_stage2,box,20.0 x 140.0 x 12.0 mm (L x W x H),,#d6d9da,alu,,aluminium (Ausleger stages) + ABS bearings,assumed,,,,,,,,,sliding member; spindle nut rides inside it,"default pose: travel=665 lift=120 fork=0 (parked, off the rack)"
hbw,fork,fork_table,box,32.0 x 70.0 x 14.0 mm (L x W x H),,#cf3a2f,red,,ABS (fork table),assumed,,,,,,,,,32 wide -> 4 mm clearance in the 40 mm shelf and belt gaps. Its TOP FACE at lift+10 is the only thing that may touch the mould; it is its own group so the checker can enforce exactly that,"default pose: travel=665 lift=120 fork=0 (parked, off the rack)"
hbw,lift,I6_ref_ausleger_back,box,7.5 x 30.0 x 15.0 mm (L x W x H),,#1b8f52,green,37783,ABS housing,datasheet: 37783-Mini-switch.pdf,3.4,"digital 0/1, 2A/50V switching, NO/NC selectable by contact 1-3 vs 1-2",I6,I6:16,I6:IN 12,Referenztaster Ausleger hinten,reference switch cantilever back,,"Mini-Taster 37783 bolted to the side of the fixed stage, struck by a cam on stage 2; entirely below the table's underside","default pose: travel=665 lift=120 fork=0 (parked, off the rack)"
hbw,lift,I5_ref_ausleger_front,box,7.5 x 30.0 x 15.0 mm (L x W x H),,#1b8f52,green,37783,ABS housing,datasheet: 37783-Mini-switch.pdf,3.4,"digital 0/1, 2A/50V switching, NO/NC selectable by contact 1-3 vs 1-2",I5,I5:15,I5:IN 11,Referenztaster Ausleger vorne,reference switch cantilever front,,"Mini-Taster 37783 bolted to the side of the fixed stage, struck by a cam on stage 2; entirely below the table's underside","default pose: travel=665 lift=120 fork=0 (parked, off the rack)"
hbw,conveyor,cv_leg_L0,box,15.0 x 15.0 x 60.0 mm (L x W x H),,#cf3a2f,red,,aluminium frame + rubber/PVC belt + ABS pulleys,assumed,,,,,,,,,,"default pose: travel=665 lift=120 fork=0 (parked, off the rack)"
hbw,conveyor,cv_leg_L1,box,15.0 x 15.0 x 60.0 mm (L x W x H),,#cf3a2f,red,,aluminium frame + rubber/PVC belt + ABS pulleys,assumed,,,,,,,,,,"default pose: travel=665 lift=120 fork=0 (parked, off the rack)"
hbw,conveyor,cv_side_rail_L,box,15.0 x 320.0 x 45.0 mm (L x W x H),,#2b2b2f,black,,aluminium frame + rubber/PVC belt + ABS pulleys,assumed,,,,,,,,,frame rail + mould guide,"default pose: travel=665 lift=120 fork=0 (parked, off the rack)"
hbw,conveyor,cv_leg_R0,box,15.0 x 15.0 x 60.0 mm (L x W x H),,#cf3a2f,red,,aluminium frame + rubber/PVC belt + ABS pulleys,assumed,,,,,,,,,,"default pose: travel=665 lift=120 fork=0 (parked, off the rack)"
hbw,conveyor,cv_leg_R1,box,15.0 x 15.0 x 60.0 mm (L x W x H),,#cf3a2f,red,,aluminium frame + rubber/PVC belt + ABS pulleys,assumed,,,,,,,,,,"default pose: travel=665 lift=120 fork=0 (parked, off the rack)"
hbw,conveyor,cv_side_rail_R,box,15.0 x 320.0 x 45.0 mm (L x W x H),,#2b2b2f,black,,aluminium frame + rubber/PVC belt + ABS pulleys,assumed,,,,,,,,,frame rail + mould guide,"default pose: travel=665 lift=120 fork=0 (parked, off the rack)"
hbw,conveyor,cv_belt_L,box,20.0 x 310.0 x 4.0 mm (L x W x H),,#474b52,darkgrey,,aluminium frame + rubber/PVC belt + ABS pulleys,assumed,,,,,,,,belt,one of TWO parallel strips; the 40 mm centre gap is what lets the fork table dive under the mould,"default pose: travel=665 lift=120 fork=0 (parked, off the rack)"
hbw,conveyor,cv_belt_R,box,20.0 x 310.0 x 4.0 mm (L x W x H),,#474b52,darkgrey,,aluminium frame + rubber/PVC belt + ABS pulleys,assumed,,,,,,,,belt,one of TWO parallel strips; the 40 mm centre gap is what lets the fork table dive under the mould,"default pose: travel=665 lift=120 fork=0 (parked, off the rack)"
hbw,conveyor,cv_drum_out_L,cyl,"cyl, axis x, L=35.0 mm, D=20.0 mm",,#2b2b2f,black,,aluminium frame + rubber/PVC belt + ABS pulleys,assumed,,,,,,,,pulley,,"default pose: travel=665 lift=120 fork=0 (parked, off the rack)"
hbw,conveyor,cv_drum_out_R,cyl,"cyl, axis x, L=35.0 mm, D=20.0 mm",,#2b2b2f,black,,aluminium frame + rubber/PVC belt + ABS pulleys,assumed,,,,,,,,pulley,,"default pose: travel=665 lift=120 fork=0 (parked, off the rack)"
hbw,conveyor,cv_drum_in_L,cyl,"cyl, axis x, L=35.0 mm, D=20.0 mm",,#2b2b2f,black,,aluminium frame + rubber/PVC belt + ABS pulleys,assumed,,,,,,,,pulley,,"default pose: travel=665 lift=120 fork=0 (parked, off the rack)"
hbw,conveyor,cv_drum_in_R,cyl,"cyl, axis x, L=35.0 mm, D=20.0 mm",,#2b2b2f,black,,aluminium frame + rubber/PVC belt + ABS pulleys,assumed,,,,,,,,pulley,,"default pose: travel=665 lift=120 fork=0 (parked, off the rack)"
hbw,conveyor,M1_belt_mount,box,60.0 x 30.0 x 25.0 mm (L x W x H),,#cf3a2f,red,,aluminium frame + rubber/PVC belt + ABS pulleys,assumed,,,,,,,,,,"default pose: travel=665 lift=120 fork=0 (parked, off the rack)"
hbw,conveyor,M1_belt_motor,box,60.0 x 30.0 x 30.0 mm (L x W x H),,#e0492f,ftred,S-24V,"ABS housing, U-Getriebe",datasheet: 536634-Fabrik_Simulation_24V.pdf p.9,,"24 VDC, max 300 mA, 5 mNm, 10700 rpm no-load, U-Getriebe 64.8:1 side output",Q1/Q2,Q1:17; Q2:18,Q1:OUT 1; Q2:OUT 2,Motor Foerderband vorwaerts (M1); Motor Foerderband rueckwarts (M1),belt motor forward; belt motor backward,motor:belt,"Encodermotor 144643 UNDER the belt, driving the far drum through a toothed belt; Q1 forward, Q2 reverse - the conveyor runs both ways","default pose: travel=665 lift=120 fork=0 (parked, off the rack)"
hbw,conveyor,M1_shaft,cyl,"cyl, axis x, L=40.0 mm, D=8.0 mm",,#aeb4b8,steel,,aluminium frame + rubber/PVC belt + ABS pulleys,assumed,,,,,,,,spin:belt_x,,"default pose: travel=665 lift=120 fork=0 (parked, off the rack)"
hbw,conveyor,M1_drive_pulley,cyl,"cyl, axis x, L=10.0 mm, D=26.0 mm",,#2b2b2f,black,,aluminium frame + rubber/PVC belt + ABS pulleys,assumed,,,,,,,,spin:belt_x,"outboard of the side rail, so it never blocks the fork gap","default pose: travel=665 lift=120 fork=0 (parked, off the rack)"
hbw,conveyor,M1_drum_pulley,cyl,"cyl, axis x, L=10.0 mm, D=26.0 mm",,#2b2b2f,black,,aluminium frame + rubber/PVC belt + ABS pulleys,assumed,,,,,,,,spin:belt_x,"on the drive drum's stub axle, through the side rail","default pose: travel=665 lift=120 fork=0 (parked, off the rack)"
hbw,conveyor,M1_drive_belt,box,8.0 x 65.0 x 80.0 mm (L x W x H),,#474b52,darkgrey,,aluminium frame + rubber/PVC belt + ABS pulleys,assumed,,,,,,,,belt:loop,toothed belt wrapped round both pulleys (this box is its envelope for the checker; the viewer draws the actual loop),"default pose: travel=665 lift=120 fork=0 (parked, off the rack)"
hbw,cover,cover_pillar_1,box,15.0 x 15.0 x 105.0 mm (L x W x H),,#cf3a2f,red,,"ABS (ft cover parts), sensors as tagged",assumed,,,,,,,,,,"default pose: travel=665 lift=120 fork=0 (parked, off the rack)"
hbw,cover,cover_pillar_2,box,15.0 x 15.0 x 105.0 mm (L x W x H),,#cf3a2f,red,,"ABS (ft cover parts), sensors as tagged",assumed,,,,,,,,,,"default pose: travel=665 lift=120 fork=0 (parked, off the rack)"
hbw,cover,cover_pillar_3,box,15.0 x 15.0 x 105.0 mm (L x W x H),,#cf3a2f,red,,"ABS (ft cover parts), sensors as tagged",assumed,,,,,,,,,,"default pose: travel=665 lift=120 fork=0 (parked, off the rack)"
hbw,cover,cover_pillar_4,box,15.0 x 15.0 x 105.0 mm (L x W x H),,#cf3a2f,red,,"ABS (ft cover parts), sensors as tagged",assumed,,,,,,,,,,"default pose: travel=665 lift=120 fork=0 (parked, off the rack)"
hbw,cover,cover_roof,box,120.0 x 220.0 x 12.0 mm (L x W x H),,#2b2b2f,black,,"ABS (ft cover parts), sensors as tagged",assumed,,,,,,,,,the covered section is the identification tunnel; the belt runs out past it at both ends to the two hand-over points,"default pose: travel=665 lift=120 fork=0 (parked, off the rack)"
hbw,cover,CS1_colour_front_L,box,30.0 x 15.0 x 15.0 mm (L x W x H),,#1b8f52,green,128599,ABS housing,datasheet: 128599-Color-sensor.pdf,6.8,"NOT RGB - reflected-brightness only, analogue 0-2 VDC / 0-2000 mV, 6-10 VDC supply, ~15 mA; reading depends on ambient light and distance",AUX1,NO MATCH in Belegungsplan,,,,,"Farbsensor 128599, looking down from the inside corner of the cover. NOTE: the stock 536631 PCB has no free input for these - they need the adapter's spare terminals or a RevPi AIO.","default pose: travel=665 lift=120 fork=0 (parked, off the rack)"
hbw,cover,CS2_colour_front_R,box,30.0 x 15.0 x 15.0 mm (L x W x H),,#1b8f52,green,128599,ABS housing,datasheet: 128599-Color-sensor.pdf,6.8,"NOT RGB - reflected-brightness only, analogue 0-2 VDC / 0-2000 mV, 6-10 VDC supply, ~15 mA; reading depends on ambient light and distance",AUX2,NO MATCH in Belegungsplan,,,,,"Farbsensor 128599, looking down from the inside corner of the cover. NOTE: the stock 536631 PCB has no free input for these - they need the adapter's spare terminals or a RevPi AIO.","default pose: travel=665 lift=120 fork=0 (parked, off the rack)"
hbw,cover,LB1_pos_back_L,box,30.0 x 15.0 x 15.0 mm (L x W x H),,#1b8f52,green,36134,"ABS housing, NPN-Si phototransistor",datasheet: 36134-Photo-transistor.pdf,1.7,"digital 5kOhm at TXT I1-I8, needs LED 162135 on the other side of the gap",AUX3,NO MATCH in Belegungsplan,,,,,"Fototransistor 36134, looking down from the inside corner of the cover. NOTE: the stock 536631 PCB has no free input for these - they need the adapter's spare terminals or a RevPi AIO.","default pose: travel=665 lift=120 fork=0 (parked, off the rack)"
hbw,cover,LB2_pos_back_R,box,30.0 x 15.0 x 15.0 mm (L x W x H),,#1b8f52,green,36134,"ABS housing, NPN-Si phototransistor",datasheet: 36134-Photo-transistor.pdf,1.7,"digital 5kOhm at TXT I1-I8, needs LED 162135 on the other side of the gap",AUX4,NO MATCH in Belegungsplan,,,,,"Fototransistor 36134, looking down from the inside corner of the cover. NOTE: the stock 536631 PCB has no free input for these - they need the adapter's spare terminals or a RevPi AIO.","default pose: travel=665 lift=120 fork=0 (parked, off the rack)"
hbw,conveyor,I2_lightbarrier_inner_rx,box,7.5 x 15.0 x 15.0 mm (L x W x H),,#1b8f52,green,36134,"ABS housing, NPN-Si phototransistor",datasheet: 36134-Photo-transistor.pdf,1.7,"digital 5kOhm at TXT I1-I8, needs LED 162135 on the other side of the gap",I2,I2:6,I2:IN 2,Lichtschranke innen,light-barrier inside,beam:rx,Fototransistor 36134; crane hand-over,"default pose: travel=665 lift=120 fork=0 (parked, off the rack)"
hbw,conveyor,I2_lightbarrier_inner_tx,box,7.5 x 15.0 x 15.0 mm (L x W x H),,#e0a02a,amber,,aluminium frame + rubber/PVC belt + ABS pulleys,assumed,,,I2,I2:6,I2:IN 2,Lichtschranke innen,light-barrier inside,beam:tx,Lichtschranken-LED 162135,"default pose: travel=665 lift=120 fork=0 (parked, off the rack)"
hbw,conveyor,I3_lightbarrier_outer_rx,box,7.5 x 15.0 x 15.0 mm (L x W x H),,#1b8f52,green,36134,"ABS housing, NPN-Si phototransistor",datasheet: 36134-Photo-transistor.pdf,1.7,"digital 5kOhm at TXT I1-I8, needs LED 162135 on the other side of the gap",I3,I3:7,I3:IN 3,Lichtschranke aussen,light-barrier outside,beam:rx,Fototransistor 36134; VGR hand-over,"default pose: travel=665 lift=120 fork=0 (parked, off the rack)"
hbw,conveyor,I3_lightbarrier_outer_tx,box,7.5 x 15.0 x 15.0 mm (L x W x H),,#e0a02a,amber,,aluminium frame + rubber/PVC belt + ABS pulleys,assumed,,,I3,I3:7,I3:IN 3,Lichtschranke aussen,light-barrier outside,beam:tx,Lichtschranken-LED 162135,"default pose: travel=665 lift=120 fork=0 (parked, off the rack)"
hbw,conveyor,A1_trail_lower,box,7.5 x 15.0 x 15.0 mm (L x W x H),,#1b8f52,green,128598,"ABS housing, 2 IR emitters + 2 receivers",datasheet: 536634-Fabrik_Simulation_24V.pdf p.9,,"digital, 5-30 mm range, push-pull, 9 VDC via adapter PCB",A1,A1:9,A1:IN 5,Spursensor unten,"trail sensor, lower",,"Spursensor, lower track","default pose: travel=665 lift=120 fork=0 (parked, off the rack)"
hbw,conveyor,A2_trail_upper,box,7.5 x 15.0 x 15.0 mm (L x W x H),,#1b8f52,green,128598,"ABS housing, 2 IR emitters + 2 receivers",datasheet: 536634-Fabrik_Simulation_24V.pdf p.9,,"digital, 5-30 mm range, push-pull, 9 VDC via adapter PCB",A2,A2:10,A2:IN 6,Spursensor oben,"trail sensor, upper",,"Spursensor, upper track","default pose: travel=665 lift=120 fork=0 (parked, off the rack)"
hbw,control,adapter_pcb_24V,box,160.0 x 100.0 x 22.0 mm (L x W x H),,#1b8f52,green,,PCB + ABS terminal housing,assumed,,,,,,,,,24V Adapterplatine: ST1 20-pol + ST2 14-pol + ST3 34-pol to the PLC,"default pose: travel=665 lift=120 fork=0 (parked, off the rack)"
hbw,control,terminal_block,box,60.0 x 30.0 x 25.0 mm (L x W x H),,#8b9196,grey,,PCB + ABS terminal housing,assumed,,,,,,,,,terminals 1..24,"default pose: travel=665 lift=120 fork=0 (parked, off the rack)"
vgr,world,vgr_plate,box,495.0 x 740.0 x 10.0 mm (L x W x H),,#3a3f44,slate,,aluminium composite plate (ft base plate),assumed - typical ft plate finish,,,,,,,,,,swivel=0 plunge=0 reach=0
vgr,world,drehkranz_base,cyl,"cyl, axis z, L=14.0 mm, D=160.0 mm",,#2b2b2f,black,,unknown,unassigned,,,,,,,,,fixed bearing seat,swivel=0 plunge=0 reach=0
vgr,swivel,drehkranz_ring,cyl,"cyl, axis z, L=12.0 mm, D=180.0 mm",,#cf3a2f,red,,unknown,unassigned,,,,,,,,spin:swivel,gear ring driven by M3,swivel=0 plunge=0 reach=0
vgr,swivel,turntable_disc,cyl,"cyl, axis z, L=12.0 mm, D=180.0 mm",,#2b2b2f,black,,unknown,unassigned,,,,,,,,,everything above this turns with the arm,swivel=0 plunge=0 reach=0
vgr,world,M3_mount,box,60.0 x 30.0 x 14.0 mm (L x W x H),,#cf3a2f,red,,unknown,unassigned,,,,,,,,,,swivel=0 plunge=0 reach=0
vgr,world,M3_swivel_motor,box,60.0 x 30.0 x 30.0 mm (L x W x H),,#e0492f,ftred,144643,ABS housing / steel gears (ft standard),datasheet: 144643-Encodermotor24V.pdf,,"24 VDC, quadrature encoder push-pull 0/24V max 10 mA / 1 kHz, 4-pin header; shaft D4 x L7.5 mm with 2 flats 0.7 mm; no-load 440 rpm, stall 1800 g.cm, max 0.60 A, max 2.03 W (T-N-I chart, datasheet p.1)",Q5/Q6 + B5/B6,Q5:21; Q6:22; B5:13; B6:14,Q5:OUT 5; Q6:OUT 6; B5:IN 9 (counter); B6:IN 10 (counter),Motor drehen CW (M3); Motor drehen CCW (M3); Encoder drehen Impuls 1; Encoder drehen Impuls 2,swivel motor clockwise; swivel motor counter-clockwise; encoder rotate impulse 1; encoder rotate impulse 2,motor:swivel,"Encodermotor 144643 lying flat, under the arm's sweep",swivel=0 plunge=0 reach=0
vgr,world,M3_pinion,cyl,"cyl, axis z, L=12.0 mm, D=90.0 mm",,#2b2b2f,black,,unknown,unassigned,,,,,,,,spin:swivel,meshes the Drehkranz ring,swivel=0 plunge=0 reach=0
vgr,world,I3_ref_swivel,box,30.0 x 15.0 x 7.5 mm (L x W x H),,#1b8f52,green,37783,ABS housing,datasheet: 37783-Mini-switch.pdf,3.4,"digital 0/1, 2A/50V switching, NO/NC selectable by contact 1-3 vs 1-2",I3,I3:7,I3:IN 3,Referenzschalter drehen,reference switch: rotate,,"Mini-Taster 37783, struck by a cam on the ring",swivel=0 plunge=0 reach=0
vgr,swivel,tower_column_1,box,15.0 x 15.0 x 562.0 mm (L x W x H),,#d6d9da,alu,,unknown,unassigned,,,,,,,,profile:15,15 x 15 slotted aluminium profile; the carriage slides on it through a clearance pocket (GUIDES),swivel=0 plunge=0 reach=0
vgr,swivel,tower_column_2,box,15.0 x 15.0 x 562.0 mm (L x W x H),,#d6d9da,alu,,unknown,unassigned,,,,,,,,profile:15,15 x 15 slotted aluminium profile; the carriage slides on it through a clearance pocket (GUIDES),swivel=0 plunge=0 reach=0
vgr,swivel,tower_column_3,box,15.0 x 15.0 x 562.0 mm (L x W x H),,#d6d9da,alu,,unknown,unassigned,,,,,,,,profile:15,15 x 15 slotted aluminium profile; the carriage slides on it through a clearance pocket (GUIDES),swivel=0 plunge=0 reach=0
vgr,swivel,tower_column_4,box,15.0 x 15.0 x 562.0 mm (L x W x H),,#d6d9da,alu,,unknown,unassigned,,,,,,,,profile:15,15 x 15 slotted aluminium profile; the carriage slides on it through a clearance pocket (GUIDES),swivel=0 plunge=0 reach=0
vgr,swivel,tower_top_plate,box,140.0 x 50.0 x 14.0 mm (L x W x H),,#2b2b2f,black,,unknown,unassigned,,,,,,,,,,swivel=0 plunge=0 reach=0
vgr,swivel,plunge_spindle,cyl,"cyl, axis z, L=562.0 mm, D=12.0 mm",,#cf3a2f,red,,unknown,unassigned,,,,,,,,thread:plunge,"4 mm lead, offset 25 mm off the centreline so the arm can telescope straight through the tower",swivel=0 plunge=0 reach=0
vgr,swivel,M1_plunge_motor,box,30.0 x 30.0 x 60.0 mm (L x W x H),,#e0492f,ftred,144643,ABS housing / steel gears (ft standard),datasheet: 144643-Encodermotor24V.pdf,,"24 VDC, quadrature encoder push-pull 0/24V max 10 mA / 1 kHz, 4-pin header; shaft D4 x L7.5 mm with 2 flats 0.7 mm; no-load 440 rpm, stall 1800 g.cm, max 0.60 A, max 2.03 W (T-N-I chart, datasheet p.1)",Q1/Q2 + B1/B2,Q1:17; Q2:18; B1:9; B2:10,Q1:OUT 1; Q2:OUT 2; B1:IN 5 (counter); B2:IN 6 (counter),Motor vertikal hoch (M1); Motor vertikal runter (M1); Encoder vertikal Impuls 1; Encoder vertikal Impuls 2,lift motor up; lift motor down; encoder vertical impulse 1; encoder vertical impulse 2,motor:plunge,"Encodermotor 144643, shaft down onto the spindle",swivel=0 plunge=0 reach=0
vgr,swivel,I1_ref_plunge,box,30.0 x 15.0 x 7.5 mm (L x W x H),,#1b8f52,green,37783,ABS housing,datasheet: 37783-Mini-switch.pdf,3.4,"digital 0/1, 2A/50V switching, NO/NC selectable by contact 1-3 vs 1-2",I1,I1:5,I1:IN 1,Referenzschalter vertikal,reference switch: vertical axis,,struck by the carriage at the top of the tower,swivel=0 plunge=0 reach=0
vgr,plunge,plunge_carriage,box,140.0 x 54.0 x 46.0 mm (L x W x H),,#2b2b2f,black,,unknown,unassigned,,,,,,,,,clamp carriage on both columns,swivel=0 plunge=0 reach=0
vgr,plunge,plunge_nut,box,20.0 x 20.0 x 10.0 mm (L x W x H),,#e0a02a,amber,,unknown,unassigned,,,,,,,,,brass nut: the carriage climbs the plunge spindle through this,swivel=0 plunge=0 reach=0
vgr,plunge,reach_nut,box,17.0 x 12.0 x 20.0 mm (L x W x H),,#e0a02a,amber,,unknown,unassigned,,,,,,,,,brass nut on the carriage face; the reach spindle turns through it,swivel=0 plunge=0 reach=0
vgr,plunge,I2_ref_reach,box,30.0 x 15.0 x 7.5 mm (L x W x H),,#1b8f52,green,37783,ABS housing,datasheet: 37783-Mini-switch.pdf,3.4,"digital 0/1, 2A/50V switching, NO/NC selectable by contact 1-3 vs 1-2",I2,I2:6,I2:IN 2,Referenzschalter horizontal,reference switch: horizontal axis,,,swivel=0 plunge=0 reach=0
vgr,reach,arm_rail_L,box,12.0 x 612.0 x 12.0 mm (L x W x H),,#d6d9da,alu,,unknown,unassigned,,,,,,,,profile:12,profile rail; slides through the carriage's rail pockets (GUIDES),swivel=0 plunge=0 reach=0
vgr,reach,arm_rail_R,box,12.0 x 612.0 x 12.0 mm (L x W x H),,#d6d9da,alu,,unknown,unassigned,,,,,,,,profile:12,profile rail; slides through the carriage's rail pockets (GUIDES),swivel=0 plunge=0 reach=0
vgr,reach,arm_end_F,box,30.0 x 14.0 x 26.0 mm (L x W x H),,#cf3a2f,red,,unknown,unassigned,,,,,,,,,"front end block: joins the rails, carries the suction head and the front spindle bearing",swivel=0 plunge=0 reach=0
vgr,reach,arm_end_B,box,30.0 x 14.0 x 26.0 mm (L x W x H),,#cf3a2f,red,,unknown,unassigned,,,,,,,,,"rear end block: joins the rails, carries M2 and the rear spindle bearing",swivel=0 plunge=0 reach=0
vgr,reach,reach_bearing_F,box,17.0 x 10.0 x 16.0 mm (L x W x H),,#cf3a2f,red,,unknown,unassigned,,,,,,,,,spindle bearing on the end block's side face,swivel=0 plunge=0 reach=0
vgr,reach,reach_bearing_B,box,17.0 x 10.0 x 16.0 mm (L x W x H),,#cf3a2f,red,,unknown,unassigned,,,,,,,,,spindle bearing on the end block's side face,swivel=0 plunge=0 reach=0
vgr,reach,reach_spindle,cyl,"cyl, axis y, L=636.0 mm, D=10.0 mm",,#aeb4b8,steel,,unknown,unassigned,,,,,,,,thread:reach,4 mm lead; turns through reach_nut on the carriage,swivel=0 plunge=0 reach=0
vgr,reach,M2_reach_motor,box,30.0 x 60.0 x 30.0 mm (L x W x H),,#e0492f,ftred,144643,ABS housing / steel gears (ft standard),datasheet: 144643-Encodermotor24V.pdf,,"24 VDC, quadrature encoder push-pull 0/24V max 10 mA / 1 kHz, 4-pin header; shaft D4 x L7.5 mm with 2 flats 0.7 mm; no-load 440 rpm, stall 1800 g.cm, max 0.60 A, max 2.03 W (T-N-I chart, datasheet p.1)",Q3/Q4 + B3/B4,Q3:19; Q4:20; B3:11; B4:12,Q3:OUT 3; Q4:OUT 4; B3:IN 7 (counter); B4:IN 8 (counter),Motor horizontal rueckwaerts (M2); Motor horizontal vorwaerts (M2); Encoder horizontal Impuls 1; Encoder horizontal Impuls 2,reach motor backward; reach motor forward; encoder horizontal impulse 1; encoder horizontal impulse 2,motor:reach,"Encodermotor 144643 on the arm's back end, coaxial with the spindle",swivel=0 plunge=0 reach=0
vgr,reach,suction_head,box,36.0 x 36.0 x 32.0 mm (L x W x H),,#cf3a2f,red,,unknown,unassigned,,,,,,,,,,swivel=0 plunge=0 reach=0
vgr,reach,suction_stem,cyl,"cyl, axis z, L=22.0 mm, D=18.0 mm",,#aeb4b8,steel,,unknown,unassigned,,,,,,,,spring,"guided rod inside a compression spring, screwed into the underside of the head; the cup rides on it and gives by up to SPRING mm when it lands on the cookie",swivel=0 plunge=0 reach=0
vgr,reach,suction_cup,cyl,"cyl, axis z, L=14.0 mm, D=40.0 mm",,#2b2b2f,black,,ABS (fork table),assumed,,,Q8,Q8:24,Q8:OUT 8,Ventil Vakuum,valve: vacuum,,cup underside at plunge-28: THAT is the pick plane,swivel=0 plunge=0 reach=0
vgr,world,compressor,box,66.0 x 30.0 x 30.0 mm (L x W x H),,#1f63c4,blue,K-24V,"ABS housing, membrane pump",datasheet: 536634-Fabrik_Simulation_24V.pdf p.10,,"24 VDC, 0.7 bar overpressure, max 70 mA",Q7,Q7:23,Q7:OUT 7,Kompressor,compressor,,Kompressor - the only unidirectional output on this module,swivel=0 plunge=0 reach=0
vgr,world,vacuum_valve,box,40.0 x 15.0 x 33.0 mm (L x W x H),,#1f63c4,blue,MV-3/2,"steel bracket, copper coil, PA nipples",datasheet: 536634-Fabrik_Simulation_24V.pdf p.11,,"3/2-way, normally closed: energised P->A, off A->R",Q8,Q8:24,Q8:OUT 8,Ventil Vakuum,valve: vacuum,,3/2-Wege-Magnetventil,swivel=0 plunge=0 reach=0
vgr,world,vgr_pcb,box,160.0 x 100.0 x 22.0 mm (L x W x H),,#1b8f52,green,,PCB + ABS terminal housing,assumed,,,,,,,,,24V adapter PCB: ST1 16-pol + ST2 10-pol,swivel=0 plunge=0 reach=0
oven,world,oven_plate,box,660.0 x 795.0 x 10.0 mm (L x W x H),,#3a3f44,slate,,aluminium composite plate (ft base plate),assumed - typical ft plate finish,,,,,,,,,,"authoring defaults (slider=205 aussen, door=160 open, turn=0, sauger=150 at Drehtisch, lower=0, push=0)"
oven,world,oven_pedestal,box,280.0 x 180.0 x 30.0 mm (L x W x H),,#2b2b2f,black,,sheet steel (chamber) + ABS (housing),"assumed - Brennofen runs hot, steel is likely not ft plastic",,,,,,,,,lifts the chamber floor to the slider rail,"authoring defaults (slider=205 aussen, door=160 open, turn=0, sauger=150 at Drehtisch, lower=0, push=0)"
oven,world,oven_floor,box,280.0 x 180.0 x 10.0 mm (L x W x H),,#e0492f,ftred,,sheet steel (chamber) + ABS (housing),"assumed - Brennofen runs hot, steel is likely not ft plastic",,,,,,,,,,"authoring defaults (slider=205 aussen, door=160 open, turn=0, sauger=150 at Drehtisch, lower=0, push=0)"
oven,world,oven_wall_back,box,10.0 x 180.0 x 180.0 mm (L x W x H),,#e0492f,ftred,,sheet steel (chamber) + ABS (housing),"assumed - Brennofen runs hot, steel is likely not ft plastic",,,,,,,,,,"authoring defaults (slider=205 aussen, door=160 open, turn=0, sauger=150 at Drehtisch, lower=0, push=0)"
oven,world,oven_wall_L,box,270.0 x 10.0 x 180.0 mm (L x W x H),,#e0492f,ftred,,sheet steel (chamber) + ABS (housing),"assumed - Brennofen runs hot, steel is likely not ft plastic",,,,,,,,,,"authoring defaults (slider=205 aussen, door=160 open, turn=0, sauger=150 at Drehtisch, lower=0, push=0)"
oven,world,oven_wall_R,box,270.0 x 10.0 x 180.0 mm (L x W x H),,#e0492f,ftred,,sheet steel (chamber) + ABS (housing),"assumed - Brennofen runs hot, steel is likely not ft plastic",,,,,,,,,,"authoring defaults (slider=205 aussen, door=160 open, turn=0, sauger=150 at Drehtisch, lower=0, push=0)"
oven,world,oven_front_lintel,box,10.0 x 160.0 x 60.0 mm (L x W x H),,#e0492f,ftred,,sheet steel (chamber) + ABS (housing),"assumed - Brennofen runs hot, steel is likely not ft plastic",,,,,,,,,front wall above the mouth; the door slides in front of it,"authoring defaults (slider=205 aussen, door=160 open, turn=0, sauger=150 at Drehtisch, lower=0, push=0)"
oven,world,oven_roof,box,280.0 x 180.0 x 12.0 mm (L x W x H),,#2b2b2f,black,,sheet steel (chamber) + ABS (housing),"assumed - Brennofen runs hot, steel is likely not ft plastic",,,,,,,,,black slatted top (Abb. 9),"authoring defaults (slider=205 aussen, door=160 open, turn=0, sauger=150 at Drehtisch, lower=0, push=0)"
oven,world,Q9_oven_lamp,box,20.0 x 20.0 x 12.0 mm (L x W x H),,#e0a02a,amber,,sheet steel (chamber) + ABS (housing),"assumed - Brennofen runs hot, steel is likely not ft plastic",,,Q9,Q9:25,Q9:OUT 9,Leuchte Ofen,oven lamp,,"Leuchte Ofen - on the roof at the front corner, where it can be seen; lit while the oven bakes","authoring defaults (slider=205 aussen, door=160 open, turn=0, sauger=150 at Drehtisch, lower=0, push=0)"
oven,world,door_guide_L,box,8.0 x 8.0 x 300.0 mm (L x W x H),,#2b2b2f,black,,sheet steel (chamber) + ABS (housing),"assumed - Brennofen runs hot, steel is likely not ft plastic",,,,,,,,,the Ofentuer slides between these two uprights,"authoring defaults (slider=205 aussen, door=160 open, turn=0, sauger=150 at Drehtisch, lower=0, push=0)"
oven,world,door_guide_R,box,8.0 x 8.0 x 300.0 mm (L x W x H),,#2b2b2f,black,,sheet steel (chamber) + ABS (housing),"assumed - Brennofen runs hot, steel is likely not ft plastic",,,,,,,,,the Ofentuer slides between these two uprights,"authoring defaults (slider=205 aussen, door=160 open, turn=0, sauger=150 at Drehtisch, lower=0, push=0)"
oven,world,door_gantry,box,16.0 x 176.0 x 5.0 mm (L x W x H),,#2b2b2f,black,,sheet steel (chamber) + ABS (housing),"assumed - Brennofen runs hot, steel is likely not ft plastic",,,,,,,,,carries the door cylinder above the mouth,"authoring defaults (slider=205 aussen, door=160 open, turn=0, sauger=150 at Drehtisch, lower=0, push=0)"
oven,world,Q13_door_cylinder,box,20.0 x 15.0 x 69.0 mm (L x W x H),,#aeb4b8,steel,PZ,"ABS caps, PC barrel, steel rod, return spring",datasheet: 536634-Fabrik_Simulation_24V.pdf p.10,,"single-acting, spring return; pairs make vacuum",Q13,Q13:29,Q13:OUT 13,Ventil Ofentuer,valve: oven door,pneumatic,Pneumatikzylinder; Ventil Ofentuer pulls the door up,"authoring defaults (slider=205 aussen, door=160 open, turn=0, sauger=150 at Drehtisch, lower=0, push=0)"
oven,door,Q13_oven_door,box,8.0 x 160.0 x 110.0 mm (L x W x H),,#e0492f,ftred,,ABS / polycarbonate (Ofentuer),assumed,,,Q13,Q13:29,Q13:OUT 13,Ventil Ofentuer,valve: oven door,pneumatic,"Ofentuer: shut at z=50 (sits on the slider rail), open at z=170","authoring defaults (slider=205 aussen, door=160 open, turn=0, sauger=150 at Drehtisch, lower=0, push=0)"
oven,door,door_rod,cyl,"cyl, axis z, L=170.0 mm, D=8.0 mm",,#aeb4b8,steel,,ABS / polycarbonate (Ofentuer),assumed,,,,,,,,,piston rod up into the door cylinder,"authoring defaults (slider=205 aussen, door=160 open, turn=0, sauger=150 at Drehtisch, lower=0, push=0)"
oven,world,slider_rail,box,422.0 x 10.0 x 10.0 mm (L x W x H),,#aeb4b8,steel,,aluminium rail + ABS carriage,assumed,,,,,,,,,"guide from the back of the chamber, through the door mouth, out to the flow line","authoring defaults (slider=205 aussen, door=160 open, turn=0, sauger=150 at Drehtisch, lower=0, push=0)"
oven,world,slider_leg,box,15.0 x 10.0 x 40.0 mm (L x W x H),,#2b2b2f,black,,aluminium rail + ABS carriage,assumed,,,,,,,,,carries the outer end of the rail,"authoring defaults (slider=205 aussen, door=160 open, turn=0, sauger=150 at Drehtisch, lower=0, push=0)"
oven,world,M4_slider_motor,box,40.0 x 75.0 x 30.0 mm (L x W x H),,#2b2b2f,black,S-24V,"ABS housing, U-Getriebe",datasheet: 536634-Fabrik_Simulation_24V.pdf p.9,,"24 VDC, max 300 mA, 5 mNm, 10700 rpm no-load, U-Getriebe 64.8:1 side output",Q5/Q6,Q5:21; Q6:22,Q5:OUT 5; Q6:OUT 6,Motor Ofenschieber einfahren (M4); Motor Ofenschieber ausfahren (M4),feeder motor retract; feeder motor extend,motor:slider,"S-Motor 24V + U-Getriebe behind the chamber; runs to a switch, no encoder","authoring defaults (slider=205 aussen, door=160 open, turn=0, sauger=150 at Drehtisch, lower=0, push=0)"
oven,world,I6_ref_slider_in,box,30.0 x 15.0 x 7.5 mm (L x W x H),,#1b8f52,green,37783,ABS housing,datasheet: 37783-Mini-switch.pdf,3.4,"digital 0/1, 2A/50V switching, NO/NC selectable by contact 1-3 vs 1-2",I6,I6:10,I6:IN 6,Referenzschalter Ofenschieber innen,feeder ref: inside,,Ofenschieber innen - under the retracted tray,"authoring defaults (slider=205 aussen, door=160 open, turn=0, sauger=150 at Drehtisch, lower=0, push=0)"
oven,world,I7_ref_slider_out,box,30.0 x 15.0 x 7.5 mm (L x W x H),,#1b8f52,green,37783,ABS housing,datasheet: 37783-Mini-switch.pdf,3.4,"digital 0/1, 2A/50V switching, NO/NC selectable by contact 1-3 vs 1-2",I7,I7:11,I7:IN 7,Referenzschalter Ofenschieber aussen,feeder ref: outside,,Ofenschieber aussen - under the extended tray,"authoring defaults (slider=205 aussen, door=160 open, turn=0, sauger=150 at Drehtisch, lower=0, push=0)"
oven,slider,ofenschieber_tray,box,50.0 x 60.0 x 10.0 mm (L x W x H),,#e0492f,ftred,,unknown,unassigned,,,,,,,,,"carries the workpiece into the chamber and back; the VGR loads it at the extended stop, on the flow line","authoring defaults (slider=205 aussen, door=160 open, turn=0, sauger=150 at Drehtisch, lower=0, push=0)"
oven,world,I9_post_rx,box,15.0 x 7.5 x 62.0 mm (L x W x H),,#2b2b2f,black,,sheet steel (chamber) + ABS (housing),"assumed - Brennofen runs hot, steel is likely not ft plastic",,,,,,,,,,"authoring defaults (slider=205 aussen, door=160 open, turn=0, sauger=150 at Drehtisch, lower=0, push=0)"
oven,world,I9_lightbarrier_rx,box,15.0 x 7.5 x 15.0 mm (L x W x H),,#1b8f52,green,36134,"ABS housing, NPN-Si phototransistor",datasheet: 36134-Photo-transistor.pdf,1.7,"digital 5kOhm at TXT I1-I8, needs LED 162135 on the other side of the gap",I9,I9:13,I9:IN 9,Lichtschranke Brennofen,light-barrier oven,,"Lichtschranke Brennofen - registers the workpiece being LAID on the tray (p.34), not its presence","authoring defaults (slider=205 aussen, door=160 open, turn=0, sauger=150 at Drehtisch, lower=0, push=0)"
oven,world,I9_post_tx,box,15.0 x 7.5 x 62.0 mm (L x W x H),,#2b2b2f,black,,sheet steel (chamber) + ABS (housing),"assumed - Brennofen runs hot, steel is likely not ft plastic",,,,,,,,,,"authoring defaults (slider=205 aussen, door=160 open, turn=0, sauger=150 at Drehtisch, lower=0, push=0)"
oven,world,I9_lightbarrier_tx,box,15.0 x 7.5 x 15.0 mm (L x W x H),,#e0a02a,amber,,sheet steel (chamber) + ABS (housing),"assumed - Brennofen runs hot, steel is likely not ft plastic",,,I9,I9:13,I9:IN 9,Lichtschranke Brennofen,light-barrier oven,,Lichtschranken-LED,"authoring defaults (slider=205 aussen, door=160 open, turn=0, sauger=150 at Drehtisch, lower=0, push=0)"
oven,world,sauger_column,box,15.0 x 15.0 x 185.0 mm (L x W x H),,#e0492f,ftred,,unknown,unassigned,,,,,,,,,the Sauger unit stands on the oven's front face (Abb. 9),"authoring defaults (slider=205 aussen, door=160 open, turn=0, sauger=150 at Drehtisch, lower=0, push=0)"
oven,world,sauger_post_far,box,15.0 x 15.0 x 185.0 mm (L x W x H),,#e0492f,ftred,,unknown,unassigned,,,,,,,,,second upright: the rail is 372 mm long,"authoring defaults (slider=205 aussen, door=160 open, turn=0, sauger=150 at Drehtisch, lower=0, push=0)"
oven,world,sauger_rail,box,15.0 x 372.0 x 15.0 mm (L x W x H),,#2b2b2f,black,,unknown,unassigned,,,,,,,,,"behind the flow line, so the VGR can come down on the tray","authoring defaults (slider=205 aussen, door=160 open, turn=0, sauger=150 at Drehtisch, lower=0, push=0)"
oven,world,M5_sauger_motor,box,40.0 x 75.0 x 30.0 mm (L x W x H),,#2b2b2f,black,S-24V,"ABS housing, U-Getriebe",datasheet: 536634-Fabrik_Simulation_24V.pdf p.9,,"24 VDC, max 300 mA, 5 mNm, 10700 rpm no-load, U-Getriebe 64.8:1 side output",Q7/Q8,Q7:23; Q8:24,Q7:OUT 7; Q8:OUT 8,Motor Sauger zum Ofen (M5); Motor Sauger zum Drehkranz (M5),sauger motor towards oven; sauger motor towards turntable,motor:sauger,"Motor Sauger zum Ofen / zum Drehkranz - on the oven roof, clear of the VGR's approach to the tray; it pulls the carriage along the rail","authoring defaults (slider=205 aussen, door=160 open, turn=0, sauger=150 at Drehtisch, lower=0, push=0)"
oven,world,I8_ref_sauger_oven,box,15.0 x 30.0 x 7.5 mm (L x W x H),,#1b8f52,green,37783,ABS housing,datasheet: 37783-Mini-switch.pdf,3.4,"digital 0/1, 2A/50V switching, NO/NC selectable by contact 1-3 vs 1-2",I8,I8:12,I8:IN 8,Referenzschalter Sauger Pos. Brennofen,sauger ref: at oven,,"on top of the rail, struck by the carriage","authoring defaults (slider=205 aussen, door=160 open, turn=0, sauger=150 at Drehtisch, lower=0, push=0)"
oven,world,I5_ref_sauger_turntable,box,15.0 x 30.0 x 7.5 mm (L x W x H),,#1b8f52,green,37783,ABS housing,datasheet: 37783-Mini-switch.pdf,3.4,"digital 0/1, 2A/50V switching, NO/NC selectable by contact 1-3 vs 1-2",I5,I5:9,I5:IN 5,Referenzschalter Sauger Pos. Drehkranz,sauger ref: at turntable,,"on top of the rail, struck by the carriage","authoring defaults (slider=205 aussen, door=160 open, turn=0, sauger=150 at Drehtisch, lower=0, push=0)"
oven,sauger,sauger_carriage,box,119.0 x 30.0 x 20.0 mm (L x W x H),,#e0492f,ftred,,unknown,unassigned,,,,,,,,,runs under the rail; its arm reaches forward over the flow line,"authoring defaults (slider=205 aussen, door=160 open, turn=0, sauger=150 at Drehtisch, lower=0, push=0)"
oven,sauger,Q12_lower_cylinder,cyl,"cyl, axis z, L=58.0 mm, D=20.0 mm",,#aeb4b8,steel,PZ,"ABS caps, PC barrel, steel rod, return spring",datasheet: 536634-Fabrik_Simulation_24V.pdf p.10,,"single-acting, spring return; pairs make vacuum",Q12,Q12:28,Q12:OUT 12,Ventil Senken,valve: lowering,pneumatic,"Pneumatikzylinder, Ventil Senken: TWO positions only - up, or 50 mm down","authoring defaults (slider=205 aussen, door=160 open, turn=0, sauger=150 at Drehtisch, lower=0, push=0)"
oven,lower,Q12_piston_rod,cyl,"cyl, axis z, L=50.0 mm, D=8.0 mm",,#aeb4b8,steel,,aluminium (Q12 lowering cylinder) + rubber (suction cup),assumed,,,,,,,,,,"authoring defaults (slider=205 aussen, door=160 open, turn=0, sauger=150 at Drehtisch, lower=0, push=0)"
oven,lower,Q11_suction_cup,cyl,"cyl, axis z, L=12.0 mm, D=30.0 mm",,#2b2b2f,black,,ABS (fork table),assumed,,,Q11,Q11:27,Q11:OUT 11,Ventil Vakuum,valve: vacuum,,"Vakuumsauger, Ventil Vakuum; underside at 130 up / 80 down = workpiece top","authoring defaults (slider=205 aussen, door=160 open, turn=0, sauger=150 at Drehtisch, lower=0, push=0)"
oven,world,drehtisch_base,cyl,"cyl, axis z, L=48.0 mm, D=150.0 mm",,#2b2b2f,black,,ABS (Drehkranz disc + pusher),assumed,,,,,,,,,Drehkranz bearing + gear,"authoring defaults (slider=205 aussen, door=160 open, turn=0, sauger=150 at Drehtisch, lower=0, push=0)"
oven,turn,drehtisch_disc,cyl,"cyl, axis z, L=12.0 mm, D=200.0 mm",,#e0492f,ftred,,unknown,unassigned,,,,,,,,spin:turn,"three stops: Sauger (0), Saege (-90), Foerderband (-180)","authoring defaults (slider=205 aussen, door=160 open, turn=0, sauger=150 at Drehtisch, lower=0, push=0)"
oven,turn,drehtisch_nest,cyl,"cyl, axis z, L=0.5 mm, D=51.0 mm",,#2b2b2f,black,,unknown,unassigned,,,,,,,,,the workpiece seat on the disc,"authoring defaults (slider=205 aussen, door=160 open, turn=0, sauger=150 at Drehtisch, lower=0, push=0)"
oven,world,M1_turntable_motor,box,40.0 x 75.0 x 30.0 mm (L x W x H),,#2b2b2f,black,S-24V,"ABS housing, U-Getriebe",datasheet: 536634-Fabrik_Simulation_24V.pdf p.9,,"24 VDC, max 300 mA, 5 mNm, 10700 rpm no-load, U-Getriebe 64.8:1 side output",Q1/Q2,Q1:17; Q2:18,Q1:OUT 1; Q2:OUT 2,Motor Drehkranz CW (M1); Motor Drehkranz CCW (M1),turntable motor clockwise; turntable motor counter-clockwise,motor:turn,S-Motor 24V; drives the Drehkranz via a worm; no encoder,"authoring defaults (slider=205 aussen, door=160 open, turn=0, sauger=150 at Drehtisch, lower=0, push=0)"
oven,world,I1_ref_turn_sauger,box,30.0 x 15.0 x 7.5 mm (L x W x H),,#1b8f52,green,37783,ABS housing,datasheet: 37783-Mini-switch.pdf,3.4,"digital 0/1, 2A/50V switching, NO/NC selectable by contact 1-3 vs 1-2",I1,I1:5,I1:IN 1,Referenzschalter Drehkranz Pos. Sauger,turntable ref: vacuum position,,"Referenzschalter Drehkranz, Position sauger - a cam under the rim strikes it","authoring defaults (slider=205 aussen, door=160 open, turn=0, sauger=150 at Drehtisch, lower=0, push=0)"
oven,world,I4_ref_turn_saege,box,15.0 x 30.0 x 7.5 mm (L x W x H),,#1b8f52,green,37783,ABS housing,datasheet: 37783-Mini-switch.pdf,3.4,"digital 0/1, 2A/50V switching, NO/NC selectable by contact 1-3 vs 1-2",I4,I4:8,I4:IN 4,Referenzschalter Drehkranz Pos. Saege,turntable ref: saw position,,"Referenzschalter Drehkranz, Position saege - a cam under the rim strikes it","authoring defaults (slider=205 aussen, door=160 open, turn=0, sauger=150 at Drehtisch, lower=0, push=0)"
oven,world,I2_ref_turn_band,box,30.0 x 15.0 x 7.5 mm (L x W x H),,#1b8f52,green,37783,ABS housing,datasheet: 37783-Mini-switch.pdf,3.4,"digital 0/1, 2A/50V switching, NO/NC selectable by contact 1-3 vs 1-2",I2,I2:6,I2:IN 2,Referenzschalter Drehkranz Pos. Foerderband,turntable ref: belt position,,"Referenzschalter Drehkranz, Position band - a cam under the rim strikes it","authoring defaults (slider=205 aussen, door=160 open, turn=0, sauger=150 at Drehtisch, lower=0, push=0)"
oven,world,saw_column,box,20.0 x 68.0 x 200.0 mm (L x W x H),,#2b2b2f,black,,unknown,unassigned,,,,,,,,,black tower behind the Drehtisch (Abb. 9),"authoring defaults (slider=205 aussen, door=160 open, turn=0, sauger=150 at Drehtisch, lower=0, push=0)"
oven,world,saw_arm,box,100.0 x 25.0 x 10.0 mm (L x W x H),,#2b2b2f,black,,unknown,unassigned,,,,,,,,,,"authoring defaults (slider=205 aussen, door=160 open, turn=0, sauger=150 at Drehtisch, lower=0, push=0)"
oven,world,M3_saw_motor,box,75.0 x 40.0 x 30.0 mm (L x W x H),,#2b2b2f,black,S-24V,"ABS housing, U-Getriebe",datasheet: 536634-Fabrik_Simulation_24V.pdf p.9,,"24 VDC, max 300 mA, 5 mNm, 10700 rpm no-load, U-Getriebe 64.8:1 side output",Q4,Q4:20,Q4:OUT 4,Motor Saege (M3),saw motor,motor:saw,"S-Motor on the arm, drives the spindle","authoring defaults (slider=205 aussen, door=160 open, turn=0, sauger=150 at Drehtisch, lower=0, push=0)"
oven,world,saw_spindle,cyl,"cyl, axis z, L=100.0 mm, D=8.0 mm",,#aeb4b8,steel,,unknown,unassigned,,,,,,,,,vertical spindle down through the arm to the cutter,"authoring defaults (slider=205 aussen, door=160 open, turn=0, sauger=150 at Drehtisch, lower=0, push=0)"
oven,world,saw_blade,cyl,"cyl, axis z, L=4.0 mm, D=30.0 mm",,#aeb4b8,steel,,unknown,unassigned,,,,,,,,spin:saw,"cutter disc, 6 mm above the workpiece top - a simulated process","authoring defaults (slider=205 aussen, door=160 open, turn=0, sauger=150 at Drehtisch, lower=0, push=0)"
oven,world,pusher_beam,box,158.0 x 10.0 x 8.0 mm (L x W x H),,#2b2b2f,black,,unknown,unassigned,,,,,,,,,carries the Auswerfer from the saw column out over the disc centre,"authoring defaults (slider=205 aussen, door=160 open, turn=0, sauger=150 at Drehtisch, lower=0, push=0)"
oven,world,Q14_pusher_cylinder,box,15.0 x 69.0 x 20.0 mm (L x W x H),,#aeb4b8,steel,PZ,"ABS caps, PC barrel, steel rod, return spring",datasheet: 536634-Fabrik_Simulation_24V.pdf p.10,,"single-acting, spring return; pairs make vacuum",Q14,Q14:30,Q14:OUT 14,Ventil Schieber (Drehkranz),valve: turntable pusher/stopper,pneumatic,"Pneumatikzylinder, Ventil Schieber - fixed over the disc centre","authoring defaults (slider=205 aussen, door=160 open, turn=0, sauger=150 at Drehtisch, lower=0, push=0)"
oven,push,pusher_rod,cyl,"cyl, axis y, L=30.0 mm, D=8.0 mm",,#aeb4b8,steel,,unknown,unassigned,,,,,,,,,,"authoring defaults (slider=205 aussen, door=160 open, turn=0, sauger=150 at Drehtisch, lower=0, push=0)"
oven,push,pusher_paddle,box,20.0 x 6.0 x 34.0 mm (L x W x H),,#e0492f,ftred,,unknown,unassigned,,,,,,,,,"retracted inside the nest's inner radius, so the disc turns freely","authoring defaults (slider=205 aussen, door=160 open, turn=0, sauger=150 at Drehtisch, lower=0, push=0)"
oven,world,belt_leg_L0,box,8.0 x 8.0 x 30.0 mm (L x W x H),,#2b2b2f,black,,unknown,unassigned,,,,,,,,,,"authoring defaults (slider=205 aussen, door=160 open, turn=0, sauger=150 at Drehtisch, lower=0, push=0)"
oven,world,belt_leg_L1,box,8.0 x 8.0 x 30.0 mm (L x W x H),,#2b2b2f,black,,unknown,unassigned,,,,,,,,,,"authoring defaults (slider=205 aussen, door=160 open, turn=0, sauger=150 at Drehtisch, lower=0, push=0)"
oven,world,belt_rail_L,box,8.0 x 250.0 x 30.0 mm (L x W x H),,#2b2b2f,black,,unknown,unassigned,,,,,,,,,,"authoring defaults (slider=205 aussen, door=160 open, turn=0, sauger=150 at Drehtisch, lower=0, push=0)"
oven,world,belt_nose_L,box,8.0 x 40.0 x 10.0 mm (L x W x H),,#2b2b2f,black,,unknown,unassigned,,,,,,,,,thin nose: passes over the sorting belt's rail,"authoring defaults (slider=205 aussen, door=160 open, turn=0, sauger=150 at Drehtisch, lower=0, push=0)"
oven,world,belt_leg_R0,box,8.0 x 8.0 x 30.0 mm (L x W x H),,#2b2b2f,black,,unknown,unassigned,,,,,,,,,,"authoring defaults (slider=205 aussen, door=160 open, turn=0, sauger=150 at Drehtisch, lower=0, push=0)"
oven,world,belt_leg_R1,box,8.0 x 8.0 x 30.0 mm (L x W x H),,#2b2b2f,black,,unknown,unassigned,,,,,,,,,,"authoring defaults (slider=205 aussen, door=160 open, turn=0, sauger=150 at Drehtisch, lower=0, push=0)"
oven,world,belt_rail_R,box,8.0 x 250.0 x 30.0 mm (L x W x H),,#2b2b2f,black,,unknown,unassigned,,,,,,,,,,"authoring defaults (slider=205 aussen, door=160 open, turn=0, sauger=150 at Drehtisch, lower=0, push=0)"
oven,world,belt_nose_R,box,8.0 x 40.0 x 10.0 mm (L x W x H),,#2b2b2f,black,,unknown,unassigned,,,,,,,,,thin nose: passes over the sorting belt's rail,"authoring defaults (slider=205 aussen, door=160 open, turn=0, sauger=150 at Drehtisch, lower=0, push=0)"
oven,world,belt_web,box,50.0 x 290.0 x 4.0 mm (L x W x H),,#474b52,darkgrey,,unknown,unassigned,,,,,,,,belt,,"authoring defaults (slider=205 aussen, door=160 open, turn=0, sauger=150 at Drehtisch, lower=0, push=0)"
oven,world,belt_drum_in,cyl,"cyl, axis x, L=50.0 mm, D=20.0 mm",,#2b2b2f,black,,unknown,unassigned,,,,,,,,pulley,,"authoring defaults (slider=205 aussen, door=160 open, turn=0, sauger=150 at Drehtisch, lower=0, push=0)"
oven,world,belt_drum_out,cyl,"cyl, axis x, L=50.0 mm, D=20.0 mm",,#2b2b2f,black,,unknown,unassigned,,,,,,,,pulley,the driven drum; the belt runs on over the nose roller,"authoring defaults (slider=205 aussen, door=160 open, turn=0, sauger=150 at Drehtisch, lower=0, push=0)"
oven,world,belt_nose_roller,cyl,"cyl, axis x, L=50.0 mm, D=7.0 mm",,#aeb4b8,steel,,unknown,unassigned,,,,,,,,pulley,7 mm knife-edge roller over the sorting belt: the workpiece drops off here,"authoring defaults (slider=205 aussen, door=160 open, turn=0, sauger=150 at Drehtisch, lower=0, push=0)"
oven,world,M2_mount,box,40.0 x 75.0 x 20.0 mm (L x W x H),,#2b2b2f,black,,unknown,unassigned,,,,,,,,,,"authoring defaults (slider=205 aussen, door=160 open, turn=0, sauger=150 at Drehtisch, lower=0, push=0)"
oven,world,M2_belt_motor,box,40.0 x 75.0 x 30.0 mm (L x W x H),,#2b2b2f,black,S-24V,"ABS housing, U-Getriebe",datasheet: 536634-Fabrik_Simulation_24V.pdf p.9,,"24 VDC, max 300 mA, 5 mNm, 10700 rpm no-load, U-Getriebe 64.8:1 side output",Q3,Q3:19,Q3:OUT 3,Motor Foerderband vorwaerts (M2),belt motor forward,motor:belt,"S-Motor 24V, forward only - drives the out drum","authoring defaults (slider=205 aussen, door=160 open, turn=0, sauger=150 at Drehtisch, lower=0, push=0)"
oven,world,I3_lightbarrier_rx,box,7.5 x 15.0 x 15.0 mm (L x W x H),,#1b8f52,green,36134,"ABS housing, NPN-Si phototransistor",datasheet: 36134-Photo-transistor.pdf,1.7,"digital 5kOhm at TXT I1-I8, needs LED 162135 on the other side of the gap",I3,I3:7,I3:IN 3,Lichtschranke Ende Foerderband,light-barrier end of belt,,Lichtschranke Ende Foerderband - hands off to the Sortierstrecke,"authoring defaults (slider=205 aussen, door=160 open, turn=0, sauger=150 at Drehtisch, lower=0, push=0)"
oven,world,I3_lightbarrier_tx,box,7.5 x 15.0 x 15.0 mm (L x W x H),,#e0a02a,amber,,unknown,unassigned,,,I3,I3:7,I3:IN 3,Lichtschranke Ende Foerderband,light-barrier end of belt,,Lichtschranken-LED,"authoring defaults (slider=205 aussen, door=160 open, turn=0, sauger=150 at Drehtisch, lower=0, push=0)"
oven,world,Q10_compressor,box,66.0 x 30.0 x 30.0 mm (L x W x H),,#1f63c4,blue,K-24V,"ABS housing, membrane pump",datasheet: 536634-Fabrik_Simulation_24V.pdf p.10,,"24 VDC, 0.7 bar overpressure, max 70 mA",Q10,Q10:26,Q10:OUT 10,Kompressor,compressor,,"Kompressor (Membranpumpe), 24 V, 0.7 bar","authoring defaults (slider=205 aussen, door=160 open, turn=0, sauger=150 at Drehtisch, lower=0, push=0)"
oven,world,V1_valve_vakuum,box,40.0 x 15.0 x 33.0 mm (L x W x H),,#1f63c4,blue,MV-3/2,"steel bracket, copper coil, PA nipples",datasheet: 536634-Fabrik_Simulation_24V.pdf p.11,,"3/2-way, normally closed: energised P->A, off A->R",,,,,,,3/2-Wege-Magnetventil for Q11 (Vakuum),"authoring defaults (slider=205 aussen, door=160 open, turn=0, sauger=150 at Drehtisch, lower=0, push=0)"
oven,world,V2_valve_senken,box,40.0 x 15.0 x 33.0 mm (L x W x H),,#1f63c4,blue,MV-3/2,"steel bracket, copper coil, PA nipples",datasheet: 536634-Fabrik_Simulation_24V.pdf p.11,,"3/2-way, normally closed: energised P->A, off A->R",,,,,,,3/2-Wege-Magnetventil for Q12 (Senken),"authoring defaults (slider=205 aussen, door=160 open, turn=0, sauger=150 at Drehtisch, lower=0, push=0)"
oven,world,V3_valve_ofentuer,box,40.0 x 15.0 x 33.0 mm (L x W x H),,#1f63c4,blue,MV-3/2,"steel bracket, copper coil, PA nipples",datasheet: 536634-Fabrik_Simulation_24V.pdf p.11,,"3/2-way, normally closed: energised P->A, off A->R",,,,,,,3/2-Wege-Magnetventil for Q13 (Ofentuer),"authoring defaults (slider=205 aussen, door=160 open, turn=0, sauger=150 at Drehtisch, lower=0, push=0)"
oven,world,V4_valve_schieber,box,40.0 x 15.0 x 33.0 mm (L x W x H),,#1f63c4,blue,MV-3/2,"steel bracket, copper coil, PA nipples",datasheet: 536634-Fabrik_Simulation_24V.pdf p.11,,"3/2-way, normally closed: energised P->A, off A->R",,,,,,,3/2-Wege-Magnetventil for Q14 (Schieber),"authoring defaults (slider=205 aussen, door=160 open, turn=0, sauger=150 at Drehtisch, lower=0, push=0)"
oven,world,vacuum_cylinder_a,box,69.0 x 15.0 x 20.0 mm (L x W x H),,#aeb4b8,steel,PZ,"ABS caps, PC barrel, steel rod, return spring",datasheet: 536634-Fabrik_Simulation_24V.pdf p.10,,"single-acting, spring return; pairs make vacuum",,,,,,pneumatic,"two coupled Pneumatikzylinder: driven apart, they make the vacuum for Q11 (p.10)","authoring defaults (slider=205 aussen, door=160 open, turn=0, sauger=150 at Drehtisch, lower=0, push=0)"
oven,world,vacuum_cylinder_b,box,69.0 x 15.0 x 20.0 mm (L x W x H),,#aeb4b8,steel,PZ,"ABS caps, PC barrel, steel rod, return spring",datasheet: 536634-Fabrik_Simulation_24V.pdf p.10,,"single-acting, spring return; pairs make vacuum",,,,,,pneumatic,"two coupled Pneumatikzylinder: driven apart, they make the vacuum for Q11 (p.10)","authoring defaults (slider=205 aussen, door=160 open, turn=0, sauger=150 at Drehtisch, lower=0, push=0)"
oven,world,oven_pcb,box,100.0 x 160.0 x 22.0 mm (L x W x H),,#1b8f52,green,,PCB + ABS terminal housing,assumed,,,,,,,,,"24V adapter PCB: ST1 20-pol + ST2 20-pol + ST3 34-pol, relays R1-R8, valve terminals V1-V4","authoring defaults (slider=205 aussen, door=160 open, turn=0, sauger=150 at Drehtisch, lower=0, push=0)"
sorting,world,sorting_plate,box,1040.0 x 640.0 x 10.0 mm (L x W x H),,#3a3f44,slate,,aluminium composite plate (ft base plate),assumed - typical ft plate finish,,,,,,,,,,"push=(0,0,0)"
sorting,world,belt_leg_F0,box,10.0 x 10.0 x 15.0 mm (L x W x H),,#cf3a2f,red,,unknown,unassigned,,,,,,,,,,"push=(0,0,0)"
sorting,world,belt_leg_F1,box,10.0 x 10.0 x 15.0 mm (L x W x H),,#cf3a2f,red,,unknown,unassigned,,,,,,,,,,"push=(0,0,0)"
sorting,world,belt_rail_F,box,824.0 x 10.0 x 30.0 mm (L x W x H),,#2b2b2f,black,,unknown,unassigned,,,,,,,,,,"push=(0,0,0)"
sorting,world,belt_leg_B0,box,10.0 x 10.0 x 15.0 mm (L x W x H),,#cf3a2f,red,,unknown,unassigned,,,,,,,,,,"push=(0,0,0)"
sorting,world,belt_leg_B1,box,10.0 x 10.0 x 15.0 mm (L x W x H),,#cf3a2f,red,,unknown,unassigned,,,,,,,,,,"push=(0,0,0)"
sorting,world,belt_rail_B,box,824.0 x 10.0 x 30.0 mm (L x W x H),,#2b2b2f,black,,unknown,unassigned,,,,,,,,,,"push=(0,0,0)"
sorting,world,belt_web,box,824.0 x 40.0 x 4.0 mm (L x W x H),,#474b52,darkgrey,,unknown,unassigned,,,,,,,,belt,single web - nothing has to reach underneath here,"push=(0,0,0)"
sorting,world,belt_drum_in,cyl,"cyl, axis y, L=60.0 mm, D=20.0 mm",,#2b2b2f,black,,unknown,unassigned,,,,,,,,pulley,,"push=(0,0,0)"
sorting,world,belt_drum_out,cyl,"cyl, axis y, L=60.0 mm, D=20.0 mm",,#2b2b2f,black,,unknown,unassigned,,,,,,,,pulley,,"push=(0,0,0)"
sorting,world,Q1_mount,box,75.0 x 40.0 x 15.0 mm (L x W x H),,#cf3a2f,red,,unknown,unassigned,,,,,,,,,,"push=(0,0,0)"
sorting,world,Q1_belt_motor,box,75.0 x 40.0 x 30.0 mm (L x W x H),,#2b2b2f,black,S-24V,"ABS housing, U-Getriebe",datasheet: 536634-Fabrik_Simulation_24V.pdf p.9,,"24 VDC, max 300 mA, 5 mNm, 10700 rpm no-load, U-Getriebe 64.8:1 side output",Q1,Q1:17,Q1:OUT1,Motor Foerderband,belt motor (single direction),motor:belt,unidirectional - this belt only runs forward,"push=(0,0,0)"
sorting,world,I1_impulstaster,box,30.0 x 15.0 x 7.5 mm (L x W x H),,#1b8f52,green,37783,ABS housing,datasheet: 37783-Mini-switch.pdf,3.4,"digital 0/1, 2A/50V switching, NO/NC selectable by contact 1-3 vs 1-2",I1,I1:5,I1:IN1,Impulstaster,pulse counter (belt position),,"Impulstaster: the ONLY travel feedback on this module. No encoder, so the controller counts pulses from the inlet barrier to know which ejector to fire.","push=(0,0,0)"
sorting,world,I2_inlet_rx,box,15.0 x 7.5 x 15.0 mm (L x W x H),,#1b8f52,green,36134,"ABS housing, NPN-Si phototransistor",datasheet: 36134-Photo-transistor.pdf,1.7,"digital 5kOhm at TXT I1-I8, needs LED 162135 on the other side of the gap",I2,I2:6,I2:IN2,Lichtschranke Eingang,light-barrier inlet,,Fototransistor 36134; Lichtschranke Eingang,"push=(0,0,0)"
sorting,world,I2_inlet_tx,box,15.0 x 7.5 x 15.0 mm (L x W x H),,#e0a02a,amber,,unknown,unassigned,,,I2,I2:6,I2:IN2,Lichtschranke Eingang,light-barrier inlet,,Lichtschranken-LED,"push=(0,0,0)"
sorting,world,I3_after_colour_rx,box,15.0 x 7.5 x 15.0 mm (L x W x H),,#1b8f52,green,36134,"ABS housing, NPN-Si phototransistor",datasheet: 36134-Photo-transistor.pdf,1.7,"digital 5kOhm at TXT I1-I8, needs LED 162135 on the other side of the gap",I3,I3:7,I3:IN3,Lichtschranke nach Farbsensor,light-barrier behind colour sensor,,Fototransistor 36134; Lichtschranke nach Farbsensor,"push=(0,0,0)"
sorting,world,I3_after_colour_tx,box,15.0 x 7.5 x 15.0 mm (L x W x H),,#e0a02a,amber,,unknown,unassigned,,,I3,I3:7,I3:IN3,Lichtschranke nach Farbsensor,light-barrier behind colour sensor,,Lichtschranken-LED,"push=(0,0,0)"
sorting,world,colour_hood_F,box,120.0 x 10.0 x 130.0 mm (L x W x H),,#e0492f,ftred,,unknown,unassigned,,,,,,,,,side of the Farberkennung hood - keeps ambient light out,"push=(0,0,0)"
sorting,world,colour_hood_B,box,120.0 x 10.0 x 130.0 mm (L x W x H),,#e0492f,ftred,,unknown,unassigned,,,,,,,,,side of the Farberkennung hood - keeps ambient light out,"push=(0,0,0)"
sorting,world,colour_hood_roof,box,120.0 x 84.0 x 10.0 mm (L x W x H),,#e0492f,ftred,,unknown,unassigned,,,,,,,,,roof of the darkened colour lock,"push=(0,0,0)"
sorting,world,colour_arm,box,10.0 x 10.0 x 25.0 mm (L x W x H),,#2b2b2f,black,,unknown,unassigned,,,,,,,,,,"push=(0,0,0)"
sorting,world,A4_colour_sensor,box,30.0 x 15.0 x 15.0 mm (L x W x H),,#1b8f52,green,128599,ABS housing,datasheet: 128599-Color-sensor.pdf,6.8,"NOT RGB - reflected-brightness only, analogue 0-2 VDC / 0-2000 mV, 6-10 VDC supply, ~15 mA; reading depends on ambient light and distance",A4,A4:9,A4:NOT WIRED on DIO,Farbsensor 0-10VDC (RevPi terminal),colour sensor - marked 'nicht verwendet' on the DIO occupancy plan; needs an analogue-input module not among the current docs,,"Farbsensor 128599, 25 mm above the workpiece top. NOT an RGB sensor - reflected intensity only, and the reading depends on this gap and on ambient light. 0-2 VDC at the sensor, scaled to the terminal's 0-10 VDC by the adapter PCB.","push=(0,0,0)"
sorting,world,Q3_stand_weiss,box,30.0 x 69.0 x 45.0 mm (L x W x H),,#cf3a2f,red,,unknown,unassigned,,,,,,,,,,"push=(0,0,0)"
sorting,world,Q3_cylinder_weiss,box,15.0 x 69.0 x 20.0 mm (L x W x H),,#8b9196,grey,PZ,"ABS caps, PC barrel, steel rod, return spring",datasheet: 536634-Fabrik_Simulation_24V.pdf p.10,,"single-acting, spring return; pairs make vacuum",Q3,Q3:20,Q3:OUT3,Ventil 1. Auswurf (weiss),ejector valve 1: white,pneumatic,"Pneumatikzylinder, Ventil Auswurf weiss","push=(0,0,0)"
sorting,push0,pusher_weiss,box,40.0 x 10.0 x 26.0 mm (L x W x H),,#e0492f,ftred,,unknown,unassigned,,,,,,,,,sweeps the workpiece across the belt into its Lagerstelle,"push=(0,0,0)"
sorting,world,bay_weiss_pedestal,box,90.0 x 150.0 x 37.0 mm (L x W x H),,#cf3a2f,red,,unknown,unassigned,,,,,,,,,,"push=(0,0,0)"
sorting,world,bay_weiss_floor,box,100.0 x 160.0 x 8.0 mm (L x W x H),,#2b2b2f,black,,unknown,unassigned,,,,,,,,,"Lagerstelle - the workpieces start here and the VGR collects them from here (booklet, Erste Schritte)","push=(0,0,0)"
sorting,world,bay_weiss_wall_B,box,100.0 x 8.0 x 25.0 mm (L x W x H),,#2b2b2f,black,,unknown,unassigned,,,,,,,,,,"push=(0,0,0)"
sorting,world,bay_weiss_wall_L,box,8.0 x 152.0 x 25.0 mm (L x W x H),,#2b2b2f,black,,unknown,unassigned,,,,,,,,,,"push=(0,0,0)"
sorting,world,bay_weiss_wall_R,box,8.0 x 152.0 x 25.0 mm (L x W x H),,#2b2b2f,black,,unknown,unassigned,,,,,,,,,,"push=(0,0,0)"
sorting,world,I5_bay_weiss_rx,box,7.5 x 15.0 x 15.0 mm (L x W x H),,#1b8f52,green,36134,"ABS housing, NPN-Si phototransistor",datasheet: 36134-Photo-transistor.pdf,1.7,"digital 5kOhm at TXT I1-I8, needs LED 162135 on the other side of the gap",I5,I5:10,I5:IN4,Lichtschranke weiss,light-barrier white bay,,Lichtschranke weiss,"push=(0,0,0)"
sorting,world,I5_bay_weiss_tx,box,7.5 x 15.0 x 15.0 mm (L x W x H),,#e0a02a,amber,,unknown,unassigned,,,I5,I5:10,I5:IN4,Lichtschranke weiss,light-barrier white bay,,,"push=(0,0,0)"
sorting,world,wp_weiss_body,cyl,"cyl, axis z, L=16.0 mm, D=45.0 mm",,#f2f0ea,white,,unknown,unassigned,,,,,,,,,,"push=(0,0,0)"
sorting,world,wp_weiss_lid,cyl,"cyl, axis z, L=4.0 mm, D=45.0 mm",,#EDE7D6,,,unknown,unassigned,,,,,,,,,vanilla - this bin takes the flavour whose reflected brightness the Farbsensor reads here,"push=(0,0,0)"
sorting,world,Q4_stand_rot,box,30.0 x 69.0 x 45.0 mm (L x W x H),,#cf3a2f,red,,unknown,unassigned,,,,,,,,,,"push=(0,0,0)"
sorting,world,Q4_cylinder_rot,box,15.0 x 69.0 x 20.0 mm (L x W x H),,#8b9196,grey,PZ,"ABS caps, PC barrel, steel rod, return spring",datasheet: 536634-Fabrik_Simulation_24V.pdf p.10,,"single-acting, spring return; pairs make vacuum",Q4,Q4:21,Q4:OUT4,Ventil 2. Auswurf (rot),ejector valve 2: red,pneumatic,"Pneumatikzylinder, Ventil Auswurf rot","push=(0,0,0)"
sorting,push1,pusher_rot,box,40.0 x 10.0 x 26.0 mm (L x W x H),,#e0492f,ftred,,unknown,unassigned,,,,,,,,,sweeps the workpiece across the belt into its Lagerstelle,"push=(0,0,0)"
sorting,world,bay_rot_pedestal,box,90.0 x 150.0 x 37.0 mm (L x W x H),,#cf3a2f,red,,unknown,unassigned,,,,,,,,,,"push=(0,0,0)"
sorting,world,bay_rot_floor,box,100.0 x 160.0 x 8.0 mm (L x W x H),,#2b2b2f,black,,unknown,unassigned,,,,,,,,,"Lagerstelle - the workpieces start here and the VGR collects them from here (booklet, Erste Schritte)","push=(0,0,0)"
sorting,world,bay_rot_wall_B,box,100.0 x 8.0 x 25.0 mm (L x W x H),,#2b2b2f,black,,unknown,unassigned,,,,,,,,,,"push=(0,0,0)"
sorting,world,bay_rot_wall_L,box,8.0 x 152.0 x 25.0 mm (L x W x H),,#2b2b2f,black,,unknown,unassigned,,,,,,,,,,"push=(0,0,0)"
sorting,world,bay_rot_wall_R,box,8.0 x 152.0 x 25.0 mm (L x W x H),,#2b2b2f,black,,unknown,unassigned,,,,,,,,,,"push=(0,0,0)"
sorting,world,I6_bay_rot_rx,box,7.5 x 15.0 x 15.0 mm (L x W x H),,#1b8f52,green,36134,"ABS housing, NPN-Si phototransistor",datasheet: 36134-Photo-transistor.pdf,1.7,"digital 5kOhm at TXT I1-I8, needs LED 162135 on the other side of the gap",I6,I6:11,I6:IN5,Lichtschranke rot,light-barrier red bay,,Lichtschranke rot,"push=(0,0,0)"
sorting,world,I6_bay_rot_tx,box,7.5 x 15.0 x 15.0 mm (L x W x H),,#e0a02a,amber,,unknown,unassigned,,,I6,I6:11,I6:IN5,Lichtschranke rot,light-barrier red bay,,,"push=(0,0,0)"
sorting,world,wp_rot_body,cyl,"cyl, axis z, L=16.0 mm, D=45.0 mm",,#f2f0ea,white,,unknown,unassigned,,,,,,,,,,"push=(0,0,0)"
sorting,world,wp_rot_lid,cyl,"cyl, axis z, L=4.0 mm, D=45.0 mm",,#D9536F,,,unknown,unassigned,,,,,,,,,strawberry - this bin takes the flavour whose reflected brightness the Farbsensor reads here,"push=(0,0,0)"
sorting,world,Q5_stand_blau,box,30.0 x 69.0 x 45.0 mm (L x W x H),,#cf3a2f,red,,unknown,unassigned,,,,,,,,,,"push=(0,0,0)"
sorting,world,Q5_cylinder_blau,box,15.0 x 69.0 x 20.0 mm (L x W x H),,#8b9196,grey,PZ,"ABS caps, PC barrel, steel rod, return spring",datasheet: 536634-Fabrik_Simulation_24V.pdf p.10,,"single-acting, spring return; pairs make vacuum",Q5,Q5:22,Q5:OUT5,Ventil 3. Auswurf (blau),ejector valve 3: blue,pneumatic,"Pneumatikzylinder, Ventil Auswurf blau","push=(0,0,0)"
sorting,push2,pusher_blau,box,40.0 x 10.0 x 26.0 mm (L x W x H),,#e0492f,ftred,,unknown,unassigned,,,,,,,,,sweeps the workpiece across the belt into its Lagerstelle,"push=(0,0,0)"
sorting,world,bay_blau_pedestal,box,90.0 x 150.0 x 37.0 mm (L x W x H),,#cf3a2f,red,,unknown,unassigned,,,,,,,,,,"push=(0,0,0)"
sorting,world,bay_blau_floor,box,100.0 x 160.0 x 8.0 mm (L x W x H),,#2b2b2f,black,,unknown,unassigned,,,,,,,,,"Lagerstelle - the workpieces start here and the VGR collects them from here (booklet, Erste Schritte)","push=(0,0,0)"
sorting,world,bay_blau_wall_B,box,100.0 x 8.0 x 25.0 mm (L x W x H),,#2b2b2f,black,,unknown,unassigned,,,,,,,,,,"push=(0,0,0)"
sorting,world,bay_blau_wall_L,box,8.0 x 152.0 x 25.0 mm (L x W x H),,#2b2b2f,black,,unknown,unassigned,,,,,,,,,,"push=(0,0,0)"
sorting,world,bay_blau_wall_R,box,8.0 x 152.0 x 25.0 mm (L x W x H),,#2b2b2f,black,,unknown,unassigned,,,,,,,,,,"push=(0,0,0)"
sorting,world,I7_bay_blau_rx,box,7.5 x 15.0 x 15.0 mm (L x W x H),,#1b8f52,green,36134,"ABS housing, NPN-Si phototransistor",datasheet: 36134-Photo-transistor.pdf,1.7,"digital 5kOhm at TXT I1-I8, needs LED 162135 on the other side of the gap",I7,I7:12,I7:IN6,Lichtschranke blau,light-barrier blue bay,,Lichtschranke blau,"push=(0,0,0)"
sorting,world,I7_bay_blau_tx,box,7.5 x 15.0 x 15.0 mm (L x W x H),,#e0a02a,amber,,unknown,unassigned,,,I7,I7:12,I7:IN6,Lichtschranke blau,light-barrier blue bay,,,"push=(0,0,0)"
sorting,world,wp_blau_body,cyl,"cyl, axis z, L=16.0 mm, D=45.0 mm",,#f2f0ea,white,,unknown,unassigned,,,,,,,,,,"push=(0,0,0)"
sorting,world,wp_blau_lid,cyl,"cyl, axis z, L=4.0 mm, D=45.0 mm",,#4A2C17,,,unknown,unassigned,,,,,,,,,chocolate - this bin takes the flavour whose reflected brightness the Farbsensor reads here,"push=(0,0,0)"
sorting,world,Q2_compressor,box,66.0 x 30.0 x 30.0 mm (L x W x H),,#1f63c4,blue,K-24V,"ABS housing, membrane pump",datasheet: 536634-Fabrik_Simulation_24V.pdf p.10,,"24 VDC, 0.7 bar overpressure, max 70 mA",Q2,Q2:18,Q2:OUT2,Kompressor,compressor,,"Kompressor (Membranpumpe), 24 V, 0.7 bar","push=(0,0,0)"
sorting,world,valve_weiss,box,40.0 x 15.0 x 33.0 mm (L x W x H),,#1f63c4,blue,MV-3/2,"steel bracket, copper coil, PA nipples",datasheet: 536634-Fabrik_Simulation_24V.pdf p.11,,"3/2-way, normally closed: energised P->A, off A->R",,,,,,,3/2-Wege-Magnetventil for Q3 (Auswurf weiss),"push=(0,0,0)"
sorting,world,valve_rot,box,40.0 x 15.0 x 33.0 mm (L x W x H),,#1f63c4,blue,MV-3/2,"steel bracket, copper coil, PA nipples",datasheet: 536634-Fabrik_Simulation_24V.pdf p.11,,"3/2-way, normally closed: energised P->A, off A->R",,,,,,,3/2-Wege-Magnetventil for Q4 (Auswurf rot),"push=(0,0,0)"
sorting,world,valve_blau,box,40.0 x 15.0 x 33.0 mm (L x W x H),,#1f63c4,blue,MV-3/2,"steel bracket, copper coil, PA nipples",datasheet: 536634-Fabrik_Simulation_24V.pdf p.11,,"3/2-way, normally closed: energised P->A, off A->R",,,,,,,3/2-Wege-Magnetventil for Q5 (Auswurf blau),"push=(0,0,0)"
sorting,world,sorting_pcb,box,160.0 x 100.0 x 22.0 mm (L x W x H),,#1b8f52,green,,PCB + ABS terminal housing,assumed,,,,,,,,,24V adapter PCB: ST1 20-pol + ST2 14-pol + ST3 34-pol,"push=(0,0,0)"
